ID,Cluster
AAACAAGTATCTCCCA-1,19
AAACACCAATAACTGC-1,11
AAACAGAGCGACTCCT-1,6
AAACAGGGTCTATATT-1,10
AAACAGTGTTCCTGGG-1,11
AAACATTTCCCGGATT-1,9
AAACCCGAACGAAATC-1,17
AAACCGGGTAGGTACC-1,3
AAACCTAAGCAGCCGG-1,9
AAACCTCATGAAGTTG-1,16
AAACGAAGAACATACC-1,5
AAACGAGACGGTTGAT-1,13
AAACGGGCGTACGGGT-1,9
AAACGGTTGCGAACTG-1,20
AAACGTGTTCGCCCTA-1,6
AAACTAACGTGGCGAC-1,6
AAACTCGGTTCGCAAT-1,9
AAACTCGTGATATAAG-1,6
AAACTGCTGGCTCCAA-1,7
AAACTTAATTGCACGC-1,11
AAACTTGCAAACGTAT-1,16
AAAGAATGTGGACTAA-1,9
AAAGACCCAAGTCGCG-1,12
AAAGACTGGGCGCTTT-1,16
AAAGCTTGCCTACATA-1,6
AAAGGCCCTATAATAC-1,11
AAAGGCTACGGACCAT-1,4
AAAGGCTCTCGCGCCG-1,7
AAAGGGATGTAGCAAG-1,14
AAAGGGCAGCTTGAAT-1,16
AAAGGTAAGCTGTACC-1,6
AAAGTAGCATTGCTCA-1,16
AAAGTCACTGATGTAA-1,12
AAAGTCGACCCTCAGT-1,16
AAAGTGTGATTTATCT-1,17
AAAGTTGACTCCCGTA-1,17
AAATAACCATACGGGA-1,15
AAATAAGGTAGTGCCC-1,17
AAATACCTATAAGCAT-1,7
AAATAGCTTAGACTTT-1,1
AAATAGGGTGCTATTG-1,4
AAATCCGATACACGCC-1,9
AAATCGTGTACCACAA-1,3
AAATCTAGCCCTGCTA-1,9
AAATGATTCGATCAGC-1,6
AAATGCTCGTTACGTT-1,12
AAATGGCATGTCTTGT-1,15
AAATGGCCCGTGCCCT-1,10
AAATGGTCAATGTGCC-1,3
AAATGTGGGTGCTCCT-1,5
AAATTAACGGGTAGCT-1,3
AAATTACACGACTCTG-1,15
AAATTACCTATCGATG-1,6
AAATTCCAGGTCCAAA-1,1
AAATTGATAGTCCTTT-1,11
AAATTGCGGCGGTTCT-1,12
AAATTGGTGAGAAGCA-1,6
AAATTTACCGAAATCC-1,6
AAATTTGCGGGTGTGG-1,3
AACAACTGGTAGTTGC-1,13
AACAATACATTGTCGA-1,11
AACAATTACTCTACGC-1,3
AACACACGCTCGCCGC-1,9
AACACGACTGTACTGA-1,5
AACACGAGACGCGGCC-1,16
AACACGCGGCCGCGAA-1,12
AACAGCTGTGTGGCAA-1,11
AACAGGAAATCGAATA-1,15
AACAGGATGGGCCGCG-1,3
AACAGGTAGTATGGAT-1,17
AACATATCAACTGGTG-1,6
AACATCGATACGTCTA-1,6
AACATTGAAGTTGATC-1,11
AACATTGTGACTCGAG-1,11
AACCAAGACTTCTCTG-1,3
AACCAGTATCACTCTT-1,6
AACCATAGGGTTGAAC-1,11
AACCATGGGATCGCTA-1,12
AACCCAGAGACGGAGA-1,12
AACCCATCCCATGATC-1,11
AACCCGACAACCCGTG-1,11
AACCCGAGCAGAATCG-1,2
AACCCGCTGTATTCCA-1,11
AACCCTACTGTCAATA-1,17
AACCCTGGTGGAACCA-1,5
AACCGAGCTTGGTCAT-1,14
AACCGCTAAGGGATGC-1,19
AACCGTTGTGTTTGCT-1,15
AACCTCGCTTTAGCCC-1,20
AACCTGTCACGGAATT-1,1
AACCTTTAAATACGGT-1,4
AACCTTTACGACGTCT-1,6
AACGATAATGCCGTAG-1,4
AACGATAGAAGGGCCG-1,12
AACGATATGTCAACTG-1,14
AACGCATGATCTGGGT-1,6
AACGCGAACGGCAACA-1,12
AACGCGACCTTGGGCG-1,11
AACGCGGTCTCCAGCC-1,14
AACGCTGTTGCTGAAA-1,9
AACGGACGTACGTATA-1,19
AACGGCCATCTCCGGT-1,3
AACGTACTGTGGGTAC-1,3
AACGTCAGACTAGTGG-1,13
AACGTCGCTGCACTTC-1,9
AACGTGATGAAGGACA-1,15
AACGTGCGAAAGTCTC-1,13
AACTACCCGTTTGTCA-1,17
AACTAGGCTTGGGTGT-1,4
AACTCAAGTTAATTGC-1,3
AACTCCAGAGCGTGTT-1,9
AACTCCTAATCCCATG-1,20
AACTCGATGGCGCAGT-1,12
AACTCTCAATAGAGCG-1,6
AACTGAGGTCAGCGTC-1,6
AACTGATATTAGGCCT-1,12
AACTGGGTCCCGACGT-1,20
AACTGGTGTGGGCCTT-1,20
AACTTCTGCGTCTATC-1,12
AACTTGCCCGTATGCA-1,3
AACTTGCGTTCTCGCG-1,12
AACTTTAGCTGCTGAG-1,15
AAGAAGGATCAGTTAG-1,12
AAGACATACGTGGTTT-1,9
AAGACCCAACTGAACA-1,4
AAGACTAACCCGTTGT-1,12
AAGACTGCAAGCTACT-1,13
AAGAGATGAATCGGTA-1,16
AAGAGCTCTTTATCGG-1,13
AAGAGGATGTACGCGA-1,3
AAGAGGCATGGATCGC-1,13
AAGAGGCCCTTTGGAA-1,18
AAGATGGCACCGGACC-1,11
AAGATTGGCGGAACGT-1,6
AAGCACCCTGCGTATC-1,4
AAGCATACTCTCCTGA-1,4
AAGCCGAAGCGGTTTA-1,17
AAGCCGCCGTGAAATC-1,11
AAGCGCAGGGCTTTGA-1,9
AAGCGGCGTCATGGGT-1,6
AAGCGTCCCTCATCGA-1,11
AAGCTAGATCGAGTAA-1,7
AAGCTCGTGCCAAGTC-1,13
AAGCTCTTTCATGGTG-1,4
AAGGAGAACTTATAAG-1,5
AAGGAGCGGTTGGTGC-1,13
AAGGATCGATCGCTTG-1,1
AAGGATGAGGGACCTC-1,6
AAGGCAGGCTGTCTCC-1,17
AAGGCGCGTAAAGCTT-1,20
AAGGCTGTGCTCATCG-1,3
AAGGGAACGACTGGCT-1,11
AAGGGACAGATTCTGT-1,6
AAGGGACTATGCATTC-1,11
AAGGTATCCTAATATA-1,15
AAGGTGATAAACCAGC-1,17
AAGTAGAAGACCGGGT-1,12
AAGTAGTGACGCGAGG-1,3
AAGTCAATTGTCGTCA-1,1
AAGTGACGACCGAATT-1,3
AAGTGAGTCGGGTTTA-1,11
AAGTGCCTTGACTGTA-1,1
AAGTGCGTTAGAATCT-1,16
AAGTGCTTCTCTATTG-1,11
AAGTGTTTGGAGACGG-1,19
AAGTTCACTCCAAGCT-1,9
AAGTTCAGTCTGCGTA-1,6
AAGTTCGGCCAACAGG-1,3
AAGTTGTGATGTTATA-1,9
AAGTTTACTAATGGCA-1,5
AAGTTTATGGGCCCAA-1,9
AATAACAACGCTCGGC-1,3
AATAACGTCGCGCCCA-1,9
AATAAGTCCTCGAGAC-1,5
AATACAATGTTTCAGG-1,16
AATACCGGAGGGCTGT-1,20
AATACCTGATGTGAAC-1,9
AATAGAATCTGTTTCA-1,19
AATAGCAAGCCTCCTG-1,6
AATAGCTACCGCGTGC-1,6
AATAGTCCGTCCCGAC-1,4
AATATCAAGGTCGGAT-1,12
AATATCGAATCAATGC-1,17
AATATCGAGGGTTCTC-1,6
AATATTGGAGTATTGA-1,3
AATCAGACTGCAGGAC-1,12
AATCAGGTTTCATTTA-1,11
AATCATGTAAAGACTC-1,9
AATCCAAGGGCCTGAG-1,12
AATCCATGCAAGGGTG-1,12
AATCGCCTCAGCGCCA-1,13
AATCGCGCAGAGGACT-1,1
AATCGGGACACTACGA-1,5
AATCGGTATAGCCCTC-1,9
AATCGTGAGCCGAGCA-1,9
AATCTAGGTTTACTTG-1,10
AATCTATGCCGGAGCC-1,20
AATCTGCGTTGGGACG-1,6
AATCTGGCTTTCTAGT-1,10
AATCTGGGTAGACCCT-1,20
AATGACAGCAATGTCT-1,16
AATGACTGTCAGCCGG-1,12
AATGAGTTCGCATATG-1,12
AATGATGATACGCTAT-1,6
AATGATGCGACTCCTG-1,6
AATGCAACCGGGTACC-1,14
AATGCACCAAGCAATG-1,6
AATGGTCCACCGTTCA-1,16
AATGGTTCTCACAAGC-1,12
AATGTATGGCACTGTA-1,11
AATGTGCCCGAGGTGT-1,11
AATGTGCTAATCTGAG-1,11
AATGTTGTCGTGAGAC-1,9
AATTAAAGGTCGGCGT-1,3
AATTAACGGATTTCCA-1,4
AATTCATAAGGGATCT-1,6
AATTCATTGTCATGCA-1,11
AATTCCAAGCATGTAC-1,20
AATTCGATTCGAGGAT-1,9
AATTGCAGCAATCGAC-1,9
AATTGCGTGGATTACA-1,11
AATTTGGGACATAGTA-1,15
AATTTGGTTCCAAAGA-1,20
ACAAACCATGCGTCCT-1,11
ACAAAGCATGACCTAG-1,9
ACAAATCGCACCGAAT-1,19
ACAAATTCAGATCTGA-1,6
ACAACAGCATGAGCTA-1,20
ACAACGGTCCCTGCGA-1,12
ACAAGCAGTGCCTAGC-1,3
ACAAGGAAATCCGCCC-1,7
ACAAGGACAAGAGGTT-1,3
ACAAGGATGCTTTAGG-1,9
ACAATAGTCGTACGTT-1,16
ACAATCCATTTAAACC-1,3
ACAATCGATCTTTATA-1,5
ACAATGAATACGGAGA-1,11
ACAATGATTCTTCTAC-1,6
ACAATTGTGTCTCTTT-1,9
ACAATTTGAGCAGTGG-1,14
ACACAAAGACGGGTGG-1,20
ACACACCAGGACCAGT-1,8
ACACACTTTCTACACG-1,12
ACACATGATCAAATCT-1,11
ACACATTTCCGTAGAC-1,11
ACACCACATAATTAGC-1,17
ACACCCAGCATGCAGC-1,12
ACACCCGAGAAATCCG-1,12
ACACCGGTCTGACCGC-1,11
ACACCTTAAGTAGGGC-1,13
ACACCTTACTACTTGC-1,1
ACACGAGACTCCTTCT-1,14
ACACGGCACTATGCAT-1,5
ACACGGGAACTTAGGG-1,14
ACACGTAGGCCACAAG-1,2
ACACTCCAATGTCACT-1,12
ACACTGGGACAGTCGT-1,2
ACAGAACTGAGAACAA-1,10
ACAGATTAGGTTAGTG-1,15
ACAGCATAGAGCCAGT-1,12
ACAGCGACATTCTCAT-1,9
ACAGCGCACCCGCAGC-1,5
ACAGGCACGGATCCTT-1,9
ACAGGCTTGCCCGACT-1,9
ACAGTAATACAACTTG-1,10
ACAGTATACCGTGGGA-1,6
ACATAATAAGGCGGTG-1,12
ACATCCCGGCCATACG-1,7
ACATCCTGGTAACTGT-1,1
ACATCGATCGTTTACC-1,3
ACATCGGTCAGCCGCG-1,3
ACATCGTTAACCTAGT-1,5
ACATCTCAACGCGTAA-1,5
ACATGGCGCCAAAGTA-1,1
ACATGGCTCAATTTAG-1,12
ACATTTGAAACCTAAC-1,9
ACCAAACACCCAGCGA-1,6
ACCAAACTAGAAATCC-1,5
ACCAACACCACACACT-1,6
ACCAACCGCACTCCAC-1,9
ACCAAGAACGCGTGTC-1,12
ACCAAGTCATCGGCAG-1,9
ACCAATATGCAAGTTA-1,4
ACCACAACTCAGAACA-1,5
ACCACAAGTTTCTATC-1,13
ACCACACGGTTGATGG-1,11
ACCACCAATGTAACAA-1,1
ACCACCCTCTCTTCTA-1,6
ACCACGTGCAGCTATA-1,7
ACCAGCCCGGTCTTTG-1,5
ACCAGGAGTGTGATCT-1,5
ACCAGTGCCCGGTCAA-1,6
ACCAGTGCGGGAGACG-1,19
ACCATATCCGCAATAA-1,3
ACCATCCGCCAACTAG-1,16
ACCATCGTATATGGTA-1,3
ACCCAACGCCCGTGGC-1,14
ACCCACCTACATGCTC-1,16
ACCCATCTTGAGGGTA-1,3
ACCCATTTGTCCCTCT-1,9
ACCCGAGCGAAATTAC-1,11
ACCCGATTGGTTCCGA-1,20
ACCCGGAAACTCCCAG-1,4
ACCCGGATGACGCATC-1,1
ACCCGGTTACACTTCC-1,3
ACCCGTAGTCTAGTTG-1,20
ACCCGTGTCATCAGTA-1,7
ACCCTATAGGACTGAG-1,12
ACCCTCCCGTCAGGGC-1,9
ACCCTCCCTTGCTATT-1,19
ACCCTGGTAACGCCCT-1,6
ACCCTTCATCTGCGAA-1,15
ACCCTTTAGTTCTCCA-1,5
ACCGAAAGGGCCCTGC-1,12
ACCGAAGAGTCTGGTT-1,11
ACCGACACATCTCCCA-1,4
ACCGACTGAGTCCCAC-1,14
ACCGAGTCTCCTTATT-1,9
ACCGATAGGCATAACC-1,18
ACCGATATTTAATCAT-1,17
ACCGATGGTAGCATCG-1,8
ACCGCAATAACTGCCT-1,19
ACCGCGGTGGAAGTCG-1,1
ACCGGGCCTTTGTTGA-1,20
ACCGGTCAGGTACACC-1,11
ACCGTGACCACGTGGG-1,11
ACCGTTCCCGCTCTGA-1,5
ACCTAAGTACCTTTCA-1,16
ACCTAATCGACTTCCT-1,3
ACCTACAGTATGTGGT-1,1
ACCTACTATAAATCTA-1,11
ACCTCCGCCCTCGCTG-1,2
ACCTCCGTTATTCACC-1,1
ACCTCGAACTTATGCT-1,11
ACCTGCGTGTCATGTT-1,16
ACCTTTCCTTTAGAAG-1,5
ACGAAATGGGCGGCAC-1,3
ACGACTCTAGGGCCGA-1,9
ACGACTGGTCATACTC-1,11
ACGAGAACCCATCACG-1,12
ACGAGATATTTGCTTA-1,5
ACGAGGATACCACTCT-1,10
ACGAGGTTTACAACGT-1,11
ACGAGTACGGATGCCC-1,17
ACGATACATAGAACTA-1,15
ACGATCATACATAGAG-1,14
ACGATCATCTTGTAAA-1,1
ACGATGCATATGTTAT-1,3
ACGATGGATCCGATGC-1,5
ACGCAAACTAATAGAT-1,11
ACGCAATCACTACAGC-1,6
ACGCATAAATGACATG-1,6
ACGCATACGTTTACTA-1,18
ACGCATTCGTGAGTAC-1,13
ACGCCACTCGAAACAG-1,11
ACGCCAGATGATTTCT-1,15
ACGCCAGTGCGTTTGC-1,9
ACGCCCAGCTGTCGAT-1,5
ACGCCGCTAGACGACC-1,7
ACGCGCTACACAGGGT-1,3
ACGCGGGCCAAGGACA-1,13
ACGCTAGTGATACACT-1,6
ACGCTGTGAGGCGTAG-1,16
ACGCTTAGTGTCTCTC-1,20
ACGGAACACGAGTGCC-1,9
ACGGAATTTAGCAAAT-1,12
ACGGACTCTCAAAGCG-1,4
ACGGAGCGCAAATTAC-1,6
ACGGATGGTGCGGATA-1,4
ACGGCGACGATGGGAA-1,7
ACGGCGGGTTGCCCTG-1,12
ACGGCTGGATGTAGAA-1,11
ACGGGAGTGTCGGCCC-1,16
ACGGGCGTATGCGACA-1,6
ACGGTACAGTTCAATG-1,9
ACGGTCACCGAGAACA-1,11
ACGTACAGATTTCTCT-1,5
ACGTACTTTGGCACGG-1,20
ACGTAGATTGCTGATG-1,13
ACGTAGGAGAGTCGCT-1,9
ACGTATTACTCCGATC-1,1
ACGTCCTAAACGAGAT-1,5
ACGTGCGCCTCGTGCA-1,12
ACGTTAATGTCGAAGA-1,13
ACGTTAGATTTGCCCG-1,3
ACGTTATTGGTCACTC-1,12
ACGTTCCGCGCTCCGT-1,15
ACGTTCGCAATCAATT-1,1
ACGTTCGTTCAGGAAA-1,11
ACGTTCTGTACAAGTC-1,9
ACGTTTAGTTGTGATC-1,15
ACTAATACGTCAGGCG-1,6
ACTACAAAGAGAGGTG-1,11
ACTACATCCCGACAAG-1,11
ACTACCAGCTCTCTGG-1,13
ACTACGCGTTAGAATT-1,4
ACTAGTTGCGATCGTC-1,19
ACTATATGCTGTGTTC-1,6
ACTATCCAGGGCATGG-1,1
ACTATCTGCCCGCGTA-1,19
ACTATGTCCAGCTGCC-1,11
ACTATTCGTCCGTGGT-1,15
ACTATTTCCGGGCCCA-1,11
ACTCAACGAATGTATT-1,12
ACTCAAGTGCAAGGCT-1,9
ACTCAATAAAGGCACG-1,14
ACTCAGACCTGCTTCT-1,12
ACTCATGGCAGCCTTC-1,11
ACTCCAATATCATCAT-1,11
ACTCCCATTCCTAAAG-1,10
ACTCCCGAATTCGTTT-1,20
ACTCCCGTAGACTAGG-1,6
ACTCCCTAATGCTAAA-1,4
ACTCCGGCCGACCACT-1,9
ACTCGCCGTTCGATAA-1,9
ACTCGTAACCCGTCCT-1,16
ACTCGTCAGTAATCCC-1,13
ACTCTCTGACTTAGGT-1,8
ACTCTCTTATACACGA-1,15
ACTCTGACCTAATAGA-1,9
ACTCTTGTATAGTAAC-1,13
ACTGAAACGCCGTTAG-1,9
ACTGAATGGCGAAAGT-1,19
ACTGATTTAGTGATTC-1,5
ACTGCCCGCCATTCTC-1,11
ACTGCCGTCGTAACTC-1,15
ACTGCGGACACACCGT-1,1
ACTGGGATGCCAGTGC-1,11
ACTGTACGATACACAT-1,14
ACTGTAGCACTTTGGA-1,13
ACTGTATACGCGAGCA-1,12
ACTGTCCAGGATTATA-1,3
ACTGTCTTCTTTAGAA-1,13
ACTGTGCTAGTAGATC-1,12
ACTGTTTAGTGTAGGC-1,5
ACTTACCGGGCGCGCA-1,6
ACTTACGCATCCACGC-1,4
ACTTAGTACGACAAGA-1,12
ACTTATACTTACCCGG-1,8
ACTTATTAGGATCGGT-1,3
ACTTATTTATGTGCCA-1,19
ACTTCAGGCTGATCCC-1,19
ACTTCCATGCGGGACA-1,9
ACTTCGCCATACGCAC-1,14
ACTTGACTCCCTCTTT-1,7
ACTTGCCATATTGTAC-1,5
ACTTGGGACCCGGTGG-1,13
ACTTGTAGTCCCTTCA-1,16
ACTTGTGGATGGAACG-1,19
ACTTGTTACCGGATCA-1,20
ACTTTACCCTCATGAA-1,1
ACTTTCCTATAGCTTC-1,14
ACTTTGACTGCATCCT-1,16
ACTTTGGTCGTGCTCC-1,11
AGAAATTATGACTCGC-1,19
AGAACCCTCAATTGGG-1,11
AGAACGTGGTACATTC-1,14
AGAACTGTACTTTGTA-1,9
AGAAGAGCGCCGTTCC-1,8
AGAAGGTACACTTCAC-1,10
AGAAGGTTGCCGAATT-1,3
AGAAGGTTGTAGGTCG-1,9
AGAAGTGATTCGTGAT-1,16
AGAATACAGGCTATCC-1,20
AGAATGCGGGTTCGGA-1,6
AGAATTATGGATTCGA-1,6
AGAATTGTTTGACATA-1,12
AGACATAGATCCTTCC-1,12
AGACCATGGGATACAA-1,12
AGACCCGCCCTCCTCG-1,20
AGACCGCTCCGCGGTT-1,19
AGACCGGGAAACCCTG-1,16
AGACGAAGTGCCGGTC-1,19
AGACGACGATGCCGCT-1,11
AGACGGGCCGATTTAA-1,6
AGACTAGCCTTCCAGA-1,13
AGACTGTTACCGGGTC-1,11
AGAGAAACACCAGAAA-1,11
AGAGAACCGTCTAGGA-1,6
AGAGAAGGAGTACAAT-1,11
AGAGATCTCTAAAGCG-1,16
AGAGCAGTTATGAGAC-1,16
AGAGCCGCCGAGATTT-1,2
AGAGCGGGCTAATCAT-1,12
AGAGCGTACAAGCTCG-1,20
AGAGCTACGAAAGCAT-1,12
AGAGGCTTCGGAAACC-1,19
AGAGGGACAATTGTCC-1,6
AGAGGTATCTCGGTCC-1,5
AGAGTAAACTTCACTA-1,17
AGAGTATAGTGTTACG-1,6
AGAGTTAGAGACCGAT-1,6
AGATAACTTCAGGGCC-1,3
AGATACCAATAGAACC-1,9
AGATACCAGCACTTCA-1,6
AGATACCGGTGTTCAC-1,3
AGATACGACTTCATAT-1,12
AGATATAATACGACTA-1,20
AGATCGTGCATAAGAT-1,6
AGATCTCAGGTGTGAT-1,14
AGATGACTCGCCCACG-1,12
AGATGAGGGTTGCGAT-1,6
AGATGATGGAGTCTGG-1,1
AGATGCAAGACGTGCA-1,11
AGATTATAGGACGTTT-1,3
AGATTCACAACCGATA-1,10
AGCAAAGGCCGCTAGT-1,4
AGCAACATATCTTATT-1,20
AGCAACCGAAAGTAAT-1,11
AGCACACGTTTAGACT-1,11
AGCACCAGTACTCACG-1,14
AGCACTACCGGCCTGT-1,3
AGCACTACCTCACCAG-1,4
AGCACTTAAGGACGCC-1,3
AGCAGAAGGAGAAAGA-1,4
AGCAGCCAGATGAATA-1,4
AGCAGTCGAAGCATGC-1,11
AGCATATCAATATGCT-1,9
AGCATCATTTCGAAAG-1,10
AGCATCGTCGATAATT-1,12
AGCATTACGAGGCAAG-1,9
AGCCAAGCTTTGTGTC-1,4
AGCCACAGGTTACCCG-1,9
AGCCACTCCCGTGCTT-1,15
AGCCATATAGTATGTG-1,20
AGCCCATACATGTAAG-1,3
AGCCCGCAACAAGCAG-1,11
AGCCCGCACTACAATG-1,9
AGCCCGGCATTAGAGG-1,11
AGCCCGGTAGCCTGTA-1,11
AGCCCTAAGCGAAGTT-1,12
AGCCCTCCCTGGTGGC-1,11
AGCCCTTCTAATCCGA-1,6
AGCCCTTGGACATCCC-1,18
AGCCGTGGCTAAATGT-1,10
AGCCTAATACCCACGT-1,10
AGCCTTAAAGCGGAAG-1,20
AGCGACATCCCATTCA-1,12
AGCGACCAACGATATT-1,20
AGCGAGACGTGAAGGC-1,11
AGCGATGCGCCTAATA-1,9
AGCGCATAATGAATCG-1,7
AGCGCGGGTGCCAATG-1,6
AGCGCTTATGGGCAAG-1,6
AGCGGACACTTCGTAG-1,4
AGCGGCGGTTAGCGGT-1,10
AGCGGGAAGGGTCCAT-1,12
AGCGGGTCTGACACTC-1,20
AGCGGTTGCCGCTCTG-1,6
AGCGTACGAGAGCTAG-1,12
AGCGTCTGAACCCGCA-1,12
AGCTAACAAGCAATGT-1,11
AGCTAAGTACGCAGGC-1,9
AGCTAGAAGCAGAAGT-1,6
AGCTATTTAATCCAAC-1,15
AGCTCCATATATGTTC-1,2
AGCTCCTTCGCACATC-1,9
AGCTCTAGACGTTCCA-1,13
AGCTCTTCCCAGTGCA-1,15
AGCTCTTCGTAACCTT-1,1
AGCTCTTTACTCAGTT-1,3
AGCTGAAGTAAACCAA-1,15
AGCTGTAACCTCAATC-1,11
AGCTTATAGAGACCTG-1,15
AGCTTCTTCTCGAGCA-1,9
AGCTTGATCTTAACTT-1,20
AGGAAGCTGTCCGCCG-1,4
AGGACATCGCACGTCG-1,12
AGGACGACCCATTAGA-1,3
AGGACGCTCGATGTTG-1,6
AGGAGACATCCACAGT-1,6
AGGAGGCCTTCGCGCG-1,9
AGGATAAAGTCGGGAT-1,4
AGGATATAGGGATTTA-1,17
AGGATATCCGACTGCA-1,9
AGGATCACGCGATCTG-1,10
AGGATTGCTTACGACA-1,17
AGGCACGTGACTGTCC-1,2
AGGCAGATGCGTAAAC-1,15
AGGCAGGGAGCGTACT-1,11
AGGCATTGTCGTAGGG-1,19
AGGCCACCCGTTATGA-1,20
AGGCCCAGTGACTGGT-1,12
AGGCCCATTGTACAGG-1,12
AGGCCCTAGAACGCCA-1,16
AGGCCTATCATACCAA-1,11
AGGCCTGAGAATCTCG-1,9
AGGCGGTTTGTCCCGC-1,11
AGGCGTCTATGGACGG-1,6
AGGCTATGGTTAGCTT-1,16
AGGCTTGCTAGACACC-1,16
AGGGAAACGAGGTACT-1,15
AGGGACCGGCTGCGTT-1,1
AGGGAGACATACTTCG-1,17
AGGGCAGCGGCGTGGT-1,5
AGGGCGAGCAGCTGAT-1,16
AGGGCGTGATCGGCTA-1,12
AGGGCTGCAGTTACAG-1,13
AGGGTCAGAGCACTCG-1,11
AGGGTCAGTAACCCTA-1,6
AGGGTCGATGCGAACT-1,17
AGGGTGCCGTTCTTTA-1,11
AGGGTGCTCTCGAGGG-1,6
AGGGTTCAGACGGTCC-1,11
AGGGTTCCCTTTGGTT-1,14
AGGGTTTAGTTCGGGA-1,13
AGGTAACCTCCTATTC-1,12
AGGTACGATATTGCCA-1,15
AGGTAGATCGAGATAT-1,11
AGGTAGGTACAAAGCT-1,3
AGGTATAATTGATAGT-1,1
AGGTCAGGTGAGAGTG-1,16
AGGTCGCGGAGTTACT-1,6
AGGTGCACGTCCACAT-1,9
AGGTGGTGACCTTCGC-1,4
AGGTGTATCGCCATGA-1,16
AGGTTACACCATGCCG-1,17
AGGTTCTCCTTTCCGG-1,11
AGGTTGAGGCACGCTT-1,14
AGGTTTCACACACCTT-1,13
AGTAACGTTCATCCTG-1,6
AGTAACTATAGCAGCC-1,9
AGTAATCTAAGGGTGG-1,20
AGTAATGTCTTGCCGC-1,12
AGTAATTTGCAAGCGT-1,11
AGTACAGAAGCTTATA-1,9
AGTACATCATTTATCA-1,17
AGTACCTTCGAGTGCT-1,6
AGTACGGGCACCTGGC-1,15
AGTACGTGGCCTGTCT-1,15
AGTACTCTTATGCCCA-1,9
AGTAGAAGGCGCCTCA-1,11
AGTAGCGTGAACGAAC-1,5
AGTAGGAAGGAAGTTG-1,6
AGTAGGTAACATACAT-1,12
AGTATAATACTAGGCA-1,12
AGTATACACAGCGACA-1,11
AGTATCCATAATAACG-1,12
AGTATGCTGGAGACCA-1,11
AGTCAAATGATGTGAT-1,11
AGTCAACACCACCATC-1,3
AGTCAAGATGACACTT-1,19
AGTCACTAGCTCTCGA-1,9
AGTCACTCCGCCTCAT-1,12
AGTCAGCCACCGCCTG-1,12
AGTCCAGCGGGTACGT-1,12
AGTCCATTGGCTGATG-1,1
AGTCCCGCCTTTAATT-1,6
AGTCGACGGTCTCAAG-1,8
AGTCGGCCCAAACGAC-1,13
AGTCGGCTCAACTTTA-1,16
AGTCGGTTGCGTGAGA-1,1
AGTCGTATAAAGCAGA-1,9
AGTCGTCGACCACCAA-1,9
AGTCGTGGGCATTACG-1,16
AGTCTAAAGTATACTC-1,17
AGTCTCACAAGACTAC-1,11
AGTCTGGACATCCTTG-1,12
AGTCTTCTCCTCAAAT-1,14
AGTCTTTAAAGTGTCC-1,9
AGTGAACAAACTTCTC-1,1
AGTGAAGATGGTGTCC-1,6
AGTGACCTACTTTACG-1,3
AGTGACTGTGACACAA-1,11
AGTGAGACTTCCAGTA-1,6
AGTGAGCCTCGCCGCC-1,17
AGTGAGGGTTTCTGAC-1,15
AGTGAGTCGAATTAAC-1,9
AGTGATAACCTGCGCG-1,9
AGTGATATGAGTAGTT-1,3
AGTGATTCAAGCAGGA-1,6
AGTGCACGCTTAAGAA-1,9
AGTGCGTAGCTCGTAA-1,3
AGTGCTAAACACAGCA-1,9
AGTGCTTGCACGAATA-1,8
AGTGGCCCGCAAATGG-1,9
AGTGGCGGCAATTTGA-1,6
AGTGGCGTCTGAAGGT-1,9
AGTGGCTCCGTCGGCC-1,16
AGTGTATTGCGCATTG-1,6
AGTGTGGTCTATTGTG-1,12
AGTTAAACACTTGCGA-1,3
AGTTAAGCGGTCCCGG-1,15
AGTTAAGTCAACCGCT-1,10
AGTTACCGCACATGGT-1,16
AGTTACTCTATCGTGG-1,15
AGTTATTCAGACTGTG-1,9
AGTTCCTACAGAATTA-1,20
AGTTCCTATTTATGTT-1,7
AGTTCTGCGTTGTATC-1,12
AGTTGACATCGGCTGG-1,12
AGTTGACGGTCCTTGC-1,4
AGTTGCGGTCCTCAAC-1,11
AGTTGCTGACTGATAT-1,12
AGTTGGCAAGGCTAGA-1,9
AGTTTATGTAAAGACA-1,6
AGTTTCGCAGGTCGGA-1,20
AGTTTGCACCTGCCTC-1,4
AGTTTGGCACGGGTTG-1,17
AGTTTGGCCAGACCTA-1,3
ATAAACGGACCCGTAA-1,7
ATAAACGTTGCACCAC-1,2
ATAAAGGCTCGGTCGT-1,3
ATAAAGGTCAAGTACG-1,15
ATAAATATTAGCAGCT-1,3
ATAACGCCGGAGGGTC-1,13
ATAACGGAGTCCAACG-1,14
ATAACGTTACCTCCAC-1,6
ATAAGGTGGAGAACAT-1,7
ATAAGTACCCGATTGT-1,6
ATAAGTAGGATTCAGA-1,20
ATAAGTAGGGCGACTC-1,1
ATAAGTTACCGCGACG-1,3
ATAATACCGTTAGCCG-1,12
ATAATAGCTGTTGAAT-1,7
ATAATAGTGTAGGGAC-1,12
ATAATCTTGGAGAACC-1,4
ATAATTAGCTAAGTAG-1,4
ATACAGGCCCTCCAAT-1,4
ATACCACGGGCAACTT-1,3
ATACCAGCAAATTGCT-1,5
ATACCAGGCTAATAGA-1,12
ATACCAGGTGAGCGAT-1,5
ATACCGTCATCCATAA-1,6
ATACCTAACCAAGAAA-1,4
ATACGCCGGCGAAACC-1,13
ATACGGAACGTCGTTT-1,11
ATACGGGTTTCGATTG-1,15
ATACGTACTTAGCCAC-1,4
ATACGTCCACTCCTGT-1,19
ATACGTTATGCACGGA-1,4
ATACTACCCGTACCAC-1,18
ATACTAGCATGACCCT-1,12
ATACTCTCGCCACTCT-1,12
ATACTGCCTTACACCG-1,4
ATAGACAACGGGACCT-1,6
ATAGACGAAGAGAAAG-1,3
ATAGAGTACTGGGACA-1,13
ATAGAGTTATCAACTT-1,6
ATAGATTTGCAGTCGG-1,5
ATAGCAACTAGGGAAG-1,9
ATAGCCATAACAGTCA-1,9
ATAGCCTCAGTACCCA-1,12
ATAGGAATCTAAGCTT-1,20
ATAGGCGGCTATAGAA-1,3
ATAGGCTAGCTTCGCA-1,6
ATAGGGATATCCTTGA-1,14
ATAGGTTGGGCAGATG-1,14
ATAGTCTTTGACGTGC-1,5
ATAGTGAAGCGTTCTC-1,3
ATAGTTCCACCCACTC-1,1
ATATAAAGCGCTCGTG-1,4
ATATAAATGTAGCTGC-1,4
ATATAACACGGGCGCA-1,9
ATATACGCTCGTGACG-1,20
ATATAGAGTATTGGTC-1,11
ATATCAACCTACAGAG-1,1
ATATCGGTAGGGAGAT-1,1
ATATCGTGCCAGACCC-1,5
ATATCGTTCCTCGAAC-1,9
ATATCTCCCTCGTTAA-1,15
ATATCTTAGGGCCTTC-1,13
ATATGGGATAGCAACT-1,11
ATATGTCTAGAGCGTG-1,11
ATATGTCTCCCTAGCC-1,17
ATATGTGCACAAACCA-1,6
ATATTCAGTTAAACCT-1,3
ATATTCCACATAGTGA-1,19
ATATTCCCACAGGTCA-1,12
ATATTGCTGTCAAAGT-1,12
ATATTTAACCCTCAAG-1,13
ATCAAACACTGTTCCA-1,17
ATCAAACGAAGGTTTG-1,16
ATCAAGATCCCAGGAC-1,11
ATCAATCTGGGCTGCA-1,13
ATCAATGCCGTGGCTG-1,11
ATCACATTAGAATATC-1,15
ATCACGTGCTAATTAA-1,3
ATCACTTCATCCTCGC-1,14
ATCAGACGGCACGCCG-1,3
ATCAGCCTCATGCTGC-1,9
ATCAGCTCGTCCACTA-1,10
ATCAGGTCGCCATTGC-1,6
ATCAGTAGGCAGGGAT-1,15
ATCATAGCCCTATGTA-1,9
ATCATCCAATATTTGT-1,3
ATCATCTGCCCAGTGT-1,15
ATCCAACGCAGTCATA-1,13
ATCCAATGGAGGGTCC-1,3
ATCCACATCGACAGAA-1,4
ATCCACGCTAAATGTT-1,15
ATCCACTTTCAGACTA-1,6
ATCCAGGATTCGTGAA-1,3
ATCCCATCCACAGCGC-1,11
ATCCCATTTCCGTGGG-1,11
ATCCTACCTAAGCTCT-1,3
ATCCTGAATCGCTGCG-1,3
ATCCTGCGTGGAATGG-1,3
ATCCTGCTGCAGATAG-1,15
ATCGACCCAATACAGA-1,3
ATCGACTCTTTCCGTT-1,14
ATCGCACGATTGTTCA-1,12
ATCGCACGCCGGGAGA-1,14
ATCGCCAGTCAACATT-1,1
ATCGCTGCGTGCAGCA-1,6
ATCGGAGACAGACGGC-1,4
ATCGGCAAGCAGTCCA-1,6
ATCGTCCAATCGAGTC-1,12
ATCGTGGAAAGTCTGG-1,11
ATCGTTAGCTAGCGGA-1,9
ATCGTTCACTTTCGCC-1,6
ATCTAATATCCTACGG-1,4
ATCTACCATCTGCTCC-1,9
ATCTAGCTTGTGAGGG-1,20
ATCTCCCACGGAATAT-1,18
ATCTCCCTGCAATCTA-1,15
ATCTCGTGAGCGAAAC-1,17
ATCTGACATGGAAGGA-1,11
ATCTGCACCTCTGCGA-1,17
ATCTGCTGTTATCGCC-1,11
ATCTGGGCTGTTCTTG-1,4
ATCTGGTTAAGACTGT-1,14
ATCTGTAATTGTACCC-1,12
ATCTTAGGGCATTAAT-1,11
ATCTTATCGCACACCC-1,9
ATCTTGACCTGCAACG-1,13
ATCTTGACTTGTCCAA-1,17
ATCTTTCGTATAACCA-1,6
ATGAAGCCAAGGAGCC-1,12
ATGACGCCGGCTCTAA-1,12
ATGACGCGTTCTATCC-1,16
ATGACTATCAGCTGTG-1,11
ATGACTATGCGACATT-1,19
ATGAGGAGTGTTAATC-1,20
ATGAGGGCAGCGGCTA-1,17
ATGATCGGGAATAGAC-1,12
ATGATGCAATGGTACA-1,3
ATGCACGCGCTGTTCA-1,11
ATGCACTACCGCATTG-1,13
ATGCATGATCCAGGAT-1,14
ATGCATTCCGTGATGG-1,5
ATGCCAATCGCTCTGC-1,6
ATGCCATTTGCGACCA-1,8
ATGCCGGTCTTGCATA-1,14
ATGCCGGTTGATGGGA-1,15
ATGCGACAATTGGTCC-1,6
ATGCGACAGTCCCATT-1,13
ATGCGAGTCCCACCAC-1,17
ATGCTCAGTGTTGCAT-1,12
ATGCTCTGGCGCGGTA-1,4
ATGCTTAGGAGTTGAT-1,2
ATGGAACCTTTGCACA-1,1
ATGGAGCAGGCCGTGA-1,13
ATGGATCCGGCGTCCG-1,15
ATGGATTGACCAAACG-1,14
ATGGCAGCATTACGAT-1,11
ATGGCTGGAAATGGCC-1,6
ATGGGAACGGAAGCGG-1,6
ATGGGACCTGCTGAAC-1,11
ATGGGCCTCGGCCTCT-1,19
ATGGGTGTATACCTCC-1,11
ATGGTATTGGGAACCG-1,11
ATGGTATTTACTGATT-1,11
ATGGTCGCGTGGTTTC-1,8
ATGGTGCTCAAAGCCA-1,5
ATGGTTACGAAACATG-1,6
ATGTAAGGCTGCTCTT-1,1
ATGTACATGCGGTGAG-1,18
ATGTACGATGACGTCG-1,20
ATGTAGCGCGCGTAGG-1,9
ATGTGAAAGCCTAATG-1,16
ATGTGCATCCGACGCA-1,12
ATGTGTAGTTTAGTCA-1,5
ATGTTACGAGCAATAC-1,12
ATGTTGATTAGAGACT-1,9
ATGTTGTAGTCTGTTT-1,11
ATTAAACATGCGGACC-1,3
ATTAATACTACGCGGG-1,14
ATTAATGAACCAGTCG-1,15
ATTAATTCGGTCACTC-1,15
ATTACAACTACCGGCC-1,15
ATTACATGTCAGTCTT-1,17
ATTACCACACTGCCTG-1,17
ATTACGACTCCACAGT-1,6
ATTACGCGCTGGCAGG-1,3
ATTACTAGCCTCTTGC-1,12
ATTACTTACTGGGCAT-1,6
ATTAGATTCCTCAGCA-1,6
ATTAGATTGATAGCGG-1,12
ATTAGGCGATGCTTTC-1,13
ATTATACTTTGCTCGT-1,15
ATTATAGCTACTTTAC-1,1
ATTATCGGAATGTACG-1,11
ATTATCTCGACAGATC-1,5
ATTATGAGACCCAATT-1,11
ATTATGCCATAGGGAG-1,12
ATTATTATGTCCGTCA-1,11
ATTATTCAGAGTCACT-1,9
ATTCAACCATTTAAGG-1,18
ATTCACTGATGTTGGA-1,4
ATTCAGGACCTATTTC-1,6
ATTCAGTAGCAGGGTC-1,16
ATTCATATACTGTCCA-1,20
ATTCATCGTTGAGGCA-1,9
ATTCCCACATAAACAA-1,16
ATTCCTAAGACGTGGA-1,6
ATTCCTCCGCCAGTGC-1,12
ATTCCTTCCAGGCGGT-1,12
ATTCGACGCCGGGCCT-1,3
ATTCGCGCCTTGAGAG-1,9
ATTCGTGCTATCTCTT-1,1
ATTCGTTTATCGTATT-1,9
ATTCTCGTCTCTTTAG-1,12
ATTCTGAGTATGAACT-1,15
ATTCTTCGTACTTATG-1,15
ATTGAAGATCTTAGTG-1,3
ATTGACCGGCGATGAC-1,6
ATTGACGTAACTCGGT-1,5
ATTGATAGCAACGAGA-1,12
ATTGATGAGTCCTAAC-1,17
ATTGCCTATTAGACCG-1,11
ATTGCCTTTATGTTTG-1,9
ATTGCGATCAGTAACT-1,19
ATTGCTGCTCCTCCAT-1,3
ATTGGATTACAGCGTA-1,18
ATTGGGAATATCTTGG-1,12
ATTGGGAGTTCTGTAA-1,6
ATTGGTTGTGCATTAC-1,9
ATTGTACAACTCGGCT-1,1
ATTGTCGCAATACCTT-1,15
ATTGTCTGTTTCATGT-1,11
ATTGTGACTTCGCTGC-1,6
ATTTAACTCGTATTAC-1,12
ATTTACAGTTTACTGG-1,3
ATTTACTAAGTCCATT-1,17
ATTTATACTGGTAAAG-1,11
ATTTCATTATTTCGCG-1,15
ATTTCCGGGTTCTGCG-1,11
ATTTGCCTAGTTACGA-1,5
ATTTGCGCGAGTAGCT-1,20
ATTTGTCTTGGGAGCT-1,8
ATTTGTTCCAGGGCTC-1,14
CAAACCCTCCGGCGGG-1,9
CAAACGAGTATCGCAG-1,3
CAAACGGTCGCACTTT-1,3
CAAACGTGGTCTTGCG-1,5
CAAACTACGATAGAGA-1,15
CAAACTATTGAGCTTC-1,5
CAAACTCGCGACGCCG-1,17
CAAAGATTATTGGGCC-1,11
CAAAGGTTAAATTCAG-1,6
CAAATCTCTCACAAGG-1,16
CAAATGCGGAGTGTTC-1,5
CAAATGTCCTTCCGTG-1,3
CAAATTGGATTATGCC-1,6
CAAATTGTCAGCAAGC-1,15
CAACACATCTCCTGCC-1,17
CAACAGTGCCAAACGG-1,5
CAACCAGTGGCCTACC-1,2
CAACCTACCGAGCAGT-1,9
CAACCTGAACCTGCCA-1,6
CAACGACCCGTTTACA-1,12
CAACGGTTCTTGATAC-1,12
CAACGTGGTGGAGTCT-1,18
CAACTATATCGAATGC-1,15
CAACTCCAACGTTTAG-1,15
CAACTCCGTAACTTGC-1,6
CAACTCCTTGATCCCG-1,12
CAACTGAGGGTATGAC-1,6
CAACTGCTCATCCGAT-1,4
CAACTTGTAGTGGGCA-1,12
CAAGAAACCCTAAACT-1,6
CAAGATATTATAACGT-1,8
CAAGCAACGTCGGAGT-1,3
CAAGCACCAAATGCCT-1,12
CAAGCGGCACATAATT-1,4
CAAGGATCGCATGTTC-1,13
CAAGGCCAGTGGTGCA-1,9
CAAGGTCCTATAGGCT-1,1
CAAGTAAGTGATAGAC-1,11
CAAGTGAACTTTGGTT-1,15
CAAGTGTGGTTGCAAA-1,17
CAATAAACCTTGGCCC-1,14
CAATACGAGAGTCTGA-1,17
CAATACGCTCTGAGGC-1,16
CAATATGTAGATTTAC-1,6
CAATATTGGACTAGTG-1,12
CAATCCCTATACCAGC-1,15
CAATCCTGCCGTGGAG-1,12
CAATGACCCTTAATTT-1,11
CAATGAGGTTCGACTA-1,17
CAATGCGAGAAGTATC-1,4
CAATGGAATCTACATA-1,6
CAATGGATCTCTACCA-1,20
CAATGGTCGGCCTGGG-1,20
CAATGTGCCAACCCTT-1,1
CAATTAAGGGTGATGA-1,14
CAATTTCGTATAAGGG-1,13
CAATTTGACCGGGAAG-1,12
CACAAACCGCAGAACT-1,9
CACAAGAAAGATATTA-1,6
CACAAGCTAAGAAAGG-1,11
CACAATGAGCTGCTAT-1,3
CACACACGCTAACGAG-1,18
CACACAGCTTGCGCTC-1,17
CACACAGGGATAGATT-1,16
CACACGCGCTGTCTTA-1,6
CACACGTTTCAATGGG-1,6
CACACTTGTATTGCGA-1,6
CACAGAGACGAGGACG-1,11
CACAGCACCCACGGCA-1,13
CACAGCTAGGGAGTGA-1,12
CACAGGGCCATATAGT-1,9
CACAGGGCCGTTGTCA-1,4
CACAGTCCCGCTTCGC-1,2
CACAGTTCGCTTCCCA-1,20
CACATCGTGCACGCGC-1,11
CACATCTCACCGACGA-1,4
CACATGATTCAGCAAC-1,13
CACATGTTTGGACATG-1,12
CACATTCTTTCGATGG-1,15
CACATTTCTTGTCAGA-1,1
CACCAGTCAGCATGCA-1,11
CACCATCGGAGGAGAC-1,15
CACCATGATCGCAAAG-1,6
CACCCAAATCTTATGT-1,1
CACCCACACGTCACCC-1,12
CACCCACGAGGCAATT-1,15
CACCCGCGTTTGACAC-1,9
CACCCTAACAAGATCT-1,4
CACCCTTGGTGAGACC-1,10
CACCCTTTCCTCGCTC-1,12
CACCGATACACCGAGC-1,15
CACCGATGATGGGTAC-1,9
CACCGCCAGAAGGTTT-1,14
CACCGCCGACCAGCGA-1,5
CACCGCGTCCACTCTA-1,6
CACCGGAGATATCTCC-1,6
CACCGGGCATCACAAG-1,9
CACCGGTAGAGACATT-1,11
CACCGTATCCCATCCG-1,19
CACCGTTGCGCGATAT-1,16
CACCTAATAGAGTCGT-1,12
CACCTAATCAGTTTAC-1,14
CACCTCGATGGTGGAC-1,14
CACCTTGCGAAACTCG-1,15
CACCTTGGCGCCTTTG-1,1
CACGAAAGTTAGTCCC-1,3
CACGACGTAATAGTAA-1,6
CACGATTGGTCGTTAA-1,20
CACGCACAGCGCAGCT-1,14
CACGCAGCGAGGCTTT-1,3
CACGCGGAACTGTTGC-1,1
CACGGACGTGGATGGC-1,6
CACGGCGCGCCAAAGG-1,6
CACGTCAATCAATGGA-1,18
CACGTCGGCAACCTCT-1,20
CACGTCTATGATGTGG-1,6
CACGTTCGTGCTCTAG-1,13
CACGTTTCGTACACAC-1,9
CACTAAAGTTGCCTAT-1,3
CACTACGGGAGCTGCC-1,18
CACTACTCAGTTCTGT-1,5
CACTCAAGAGCTATGG-1,3
CACTCAGCTCTTGAGG-1,5
CACTCCTATGTAAGAT-1,11
CACTCCTCTCGGTCGG-1,15
CACTCGAGCTGAACAA-1,7
CACTCTCAAGCATCGA-1,11
CACTCTTCTGCTAGCC-1,20
CACTGACGATTGTGGA-1,11
CACTGTCCAAGTGAGA-1,12
CACTTAATCAGACGGA-1,3
CACTTCGCCACAGGCT-1,12
CACTTCGTCTTATCTC-1,12
CAGAACTTAGCCCTCT-1,9
CAGAATAACACACGGA-1,20
CAGACCTGTAAGTGTT-1,20
CAGAGCATGAGCTTGC-1,14
CAGAGTGATTTAACGT-1,5
CAGATAATGGGCGGGT-1,9
CAGATACTAACATAGT-1,13
CAGATATGAAGATGAC-1,11
CAGATCATTTAAAGTC-1,6
CAGATCCTGGTTTGAA-1,11
CAGCAGCCCGTTCCTT-1,14
CAGCAGTCCAGACTAT-1,19
CAGCAGTCTGTGCTGC-1,4
CAGCCCTCACAGGCAG-1,5
CAGCCGGGCCCTCTAT-1,15
CAGCCTCCTGCAGAGG-1,15
CAGCCTCTCCTCAAGA-1,6
CAGCTCACTGAGACAT-1,13
CAGCTCGACAAGTTAA-1,6
CAGCTCGTGCTTGTGT-1,12
CAGCTGGCGTAACCGT-1,16
CAGCTTAGTAGGTAGC-1,3
CAGGAAGACTTTATAT-1,15
CAGGATATATCGTTGT-1,3
CAGGCAGTCTTACCAG-1,9
CAGGCCAGTACCACCT-1,11
CAGGCCGTTTGGGTGT-1,3
CAGGCGCACGGTGGTC-1,11
CAGGCGCCATGCTAGG-1,7
CAGTAACTATTTATTG-1,6
CAGTAATCCCTCCCAG-1,12
CAGTACATTCTCTAAA-1,6
CAGTACCAGTTTACGT-1,10
CAGTAGCCCACGCGGT-1,6
CAGTAGCGAGGTAGTA-1,12
CAGTCCAACGCCTTCT-1,6
CAGTCGAGGATGCAAT-1,6
CAGTCTCTCGGCTAAT-1,12
CAGTCTGTATACTGGG-1,13
CAGTGAATAAATGACT-1,15
CAGTGGTTGCACATGA-1,12
CAGTGTCCGCAGAATG-1,12
CAGTGTCGGCTGGCCC-1,9
CAGTGTTAATCTCTCA-1,11
CAGTTCAAATTGACAC-1,13
CAGTTCCGCGGGTCGA-1,16
CAGTTCGAGGACCCGA-1,11
CATAACGGACAGTCGT-1,8
CATAAGAAGCTTGGCT-1,4
CATAAGCTCTCCGTCT-1,16
CATAATGAGCGGGCGA-1,15
CATACAAAGCCGAACC-1,12
CATACACGGTTCCCAC-1,4
CATACCCGTACCCAGT-1,3
CATACGAACTAGCTGG-1,11
CATACGGCGTCTGGGC-1,13
CATACGGGTGCATGAT-1,12
CATACTATGTAATTGT-1,3
CATACTTAGGCAATAC-1,1
CATACTTCTTTCTCCG-1,11
CATAGAGGAGATACTA-1,9
CATAGCCGCCCGGGAT-1,16
CATAGTACATTGAGAG-1,15
CATAGTAGCATAGTAG-1,12
CATAGTCAAATACATA-1,9
CATAGTCCACAAGAAC-1,3
CATATACTACTGATAA-1,6
CATATAGGTACAGTCA-1,3
CATATGTCAGGCTACG-1,16
CATATTATTTGCCCTA-1,5
CATCAAACTGGCGCCC-1,6
CATCATCTACCCGGAC-1,5
CATCATTACCCTGAGG-1,9
CATCCAATATAGTTTG-1,11
CATCCCGAGATTCATA-1,9
CATCCGCAGGCCCGAA-1,12
CATCCTCTCAAAGATC-1,9
CATCGCCCGCGGCCAA-1,12
CATCGGACGGGTTAAT-1,3
CATCTACCCGAGAACG-1,6
CATCTATCCCGTGTCT-1,6
CATCTTACACCACCTC-1,1
CATGAACCGACATTTG-1,12
CATGAACCTCTTATCA-1,5
CATGACTTCGCTGAAT-1,1
CATGAGATGCACTCTC-1,4
CATGATCGCTTTGAGA-1,9
CATGATGCACAATTCT-1,14
CATGATGGAAGTTAGC-1,1
CATGCATGGAGACCCT-1,5
CATGCCAACTCGCAAA-1,16
CATGCGACCAGTTTAA-1,6
CATGCGTTAGACAGAA-1,12
CATGCGTTGAGAGGAG-1,11
CATGCTGGCTCCAATT-1,12
CATGGAAATGGGACCA-1,6
CATGGATTGTCTTCCG-1,20
CATGGCAGGAAGATCG-1,12
CATGGGTATGCCTTAT-1,4
CATGGGTCGGGTGTGG-1,15
CATGGTCTAGATACCG-1,14
CATGGTTTATTAATCA-1,9
CATGTAAGAGACATTT-1,9
CATGTAGGAGCGCCAA-1,6
CATGTCTCATTTATGG-1,19
CATTACATAGATTGTG-1,20
CATTACGCAGGAAGGG-1,9
CATTACGTCGGCCCGT-1,12
CATTATAACAGGGTCC-1,5
CATTATCCCATTAACG-1,11
CATTATGCTTGTTGTG-1,13
CATTCACTGACAGCTA-1,5
CATTCAGGTCAGTGCG-1,12
CATTCCCATTCCGTCG-1,17
CATTCCCTAAGTACAA-1,12
CATTGATGAACACGCC-1,6
CATTGCGGGTCAATTC-1,6
CATTGTGTGCTAGATC-1,12
CATTTAGCGGACCATG-1,15
CATTTATCGTTCAAGA-1,5
CATTTCTAGCAGACTA-1,12
CCAAACAGAACCCTCG-1,12
CCAAATAACAAGATTC-1,19
CCAAATCAAAGGGCAA-1,11
CCAACCTTATGTAACT-1,11
CCAACGATGCACTGAT-1,3
CCAACGCTTGCCAGGG-1,6
CCAAGACTTCTGCGAA-1,12
CCAAGCGTAACTCGTA-1,13
CCAAGGAACAGAGAGG-1,12
CCAAGGTTGCCCTTTC-1,9
CCAATAGTGCCGTCGA-1,3
CCAATCGGTAGATCGA-1,15
CCAATGTCACAGCAAG-1,3
CCAATTACGGGTCGAG-1,6
CCAATTGAATGTTAAT-1,12
CCACAATGTACGTCTT-1,14
CCACACTGAGATATTA-1,3
CCACAGCTGAAATCAT-1,12
CCACAGTACCCATCCT-1,19
CCACATACTGCACCCA-1,17
CCACCCAAGGAAAGTG-1,13
CCACGAATTTAACCTC-1,1
CCACGAGAAGAGAATC-1,15
CCACGGAGCCATAAGA-1,16
CCACGGTGCCCGGTAG-1,1
CCACTAAACTGAATCG-1,12
CCACTATCCGGGTCAC-1,17
CCACTCAGATCCGCAA-1,9
CCACTGGTGGCTGGTT-1,16
CCACTGTTTGGATTAA-1,2
CCAGAAACTGATGCGA-1,9
CCAGAGACAAAGCCGG-1,16
CCAGATAGTTGAGTGA-1,14
CCAGCCTGGACCAATA-1,13
CCAGCTACGCCTCATA-1,12
CCAGCTCGAACGCATT-1,4
CCAGCTGATGGTACTT-1,3
CCAGCTTCCGCCCGCA-1,16
CCAGGGACGTGGCCTC-1,13
CCAGTAGTCTGATCCA-1,6
CCAGTCCATTATTCGA-1,12
CCAGTCTAGACGGCGC-1,15
CCAGTCTTGTCATAGA-1,4
CCAGTGTACAGACCGA-1,11
CCAGTTCGGTAACTCA-1,20
CCATAAACAACCCGAC-1,15
CCATACCTTTACTTGT-1,17
CCATAGGTTGGCGTGG-1,12
CCATAGTCAGTAACCC-1,12
CCATATGGAAACTATA-1,19
CCATATTGGATCATGA-1,12
CCATCCATACCAAGTC-1,12
CCATCTCACCAGTGAA-1,1
CCATCTTGTTCACAAT-1,12
CCATGCCCTAGATTTC-1,9
CCATGCCTGTTTAGTA-1,3
CCATGCTCTGCAGGAA-1,12
CCATGGCCCTTGTACC-1,3
CCATGTTCATCTATAT-1,11
CCATTAGCGATAATCC-1,3
CCATTCCCTGCCCACA-1,3
CCATTGTTTCCTCCAT-1,17
CCATTTCTACCTATTA-1,4
CCCAAACATGCTGCTC-1,6
CCCAACATACGTCGCG-1,3
CCCAACCACACTAACA-1,5
CCCAAGACAGAGTATG-1,5
CCCAAGTCATTACACT-1,9
CCCAATGAGATTTGCA-1,11
CCCAATTTCACAACTT-1,3
CCCAGAGGAGGGCGTA-1,6
CCCAGGAAGAATTCGA-1,11
CCCAGGTCTGAAGGCT-1,20
CCCAGTAAACTTGGGA-1,10
CCCAGTTAAGGCGCCG-1,8
CCCATATAGGTCGATT-1,18
CCCGAAGTTTCGCGAA-1,16
CCCGACCATAGTCCGC-1,14
CCCGAGTTTCTCCGTA-1,17
CCCGCAGCGCGAACTA-1,7
CCCGCAGGGCCCAAAG-1,5
CCCGCCATGCTCCCGT-1,12
CCCGCGCAATGCACCC-1,12
CCCGGGTCGTTCAGGG-1,4
CCCGGTGGAAGAACCT-1,16
CCCGGTGTATCGGAAT-1,10
CCCGTAAGTCTAGGCC-1,3
CCCGTAGCTGGGAAGA-1,11
CCCGTCAGCGTCTGAC-1,12
CCCGTTTCGCAGATGT-1,19
CCCTACCCACACCCAG-1,20
CCCTACTTGAACAATG-1,9
CCCTAGTGTCAGGTGT-1,12
CCCTATGTAGAGCAGA-1,11
CCCTCATTCTGGAATT-1,12
CCCTCCTCGCTCGTAT-1,20
CCCTCGATAATACACA-1,11
CCCTCGGGAGCCTTGT-1,5
CCCTGAAATGAGTTGA-1,3
CCCTGACTAACAAATT-1,16
CCCTGATGTAACTCGT-1,12
CCCTGCCCAATCCGCT-1,16
CCCTGCGCTACGCATA-1,3
CCCTGGTATGGGCGGC-1,5
CCCTTTAATGGAGTTC-1,9
CCGAAAGTGGTGAGCA-1,12
CCGAACACTGGGCCTC-1,16
CCGAACCTTCCCGGCC-1,7
CCGAAGTATATTGTTC-1,12
CCGACAAACACATGAG-1,12
CCGACAAAGGGAGTGC-1,3
CCGACAATAGGCCGCC-1,2
CCGACGGGCATGAGGT-1,20
CCGACGTAAACACAAC-1,6
CCGACTCGCATAGTCT-1,5
CCGAGAAGTCGCATAA-1,17
CCGAGCTGTGCTTGTC-1,6
CCGAGGGATGTTAGGC-1,5
CCGATCTCAACCTTAT-1,1
CCGATCTTAAGAGGCT-1,6
CCGATTCGAGGGACCC-1,16
CCGCACAAAGACCAAC-1,13
CCGCACGTGACCTCGG-1,3
CCGCACTTGCAATGAC-1,9
CCGCATGTGGTACGAT-1,4
CCGCCACCACAATCCA-1,5
CCGCCGGAACTTCTCG-1,10
CCGCCGGTCAACACAC-1,12
CCGCCGTTGAGGATAA-1,17
CCGCCTGCGAATTGGT-1,6
CCGCGGGTACGAAGAA-1,3
CCGCGTAGGTAAGGGC-1,3
CCGCTATCAGCACCAG-1,7
CCGCTCCAGGGCGATC-1,20
CCGCTCTTCCGAACTA-1,9
CCGCTGGTGCCATTCA-1,5
CCGCTTACCTCACTCT-1,3
CCGCTTGCTGACATGG-1,17
CCGGAAGTGCAATATG-1,9
CCGGAATGGTTTCAGT-1,12
CCGGAGCGTACTTTCT-1,4
CCGGAGGTCTTATGGT-1,6
CCGGCACGACCGTTTC-1,1
CCGGCGCATATTGGAT-1,12
CCGGCGTGAGACTCTG-1,10
CCGGGACCCGCAGAGA-1,12
CCGGGCGGTCTCGTCA-1,14
CCGGGCTAAGAATTTC-1,11
CCGGGCTGCTCCATAC-1,20
CCGGGTTCGAGGTTAC-1,3
CCGGTAATGGCTAGTC-1,1
CCGTAAGTTGGTCCCA-1,13
CCGTACCCAAGCGCCA-1,12
CCGTAGGAAATCCCTG-1,9
CCGTAGGGTTGTTTAC-1,9
CCGTATCTCGTCGTAG-1,16
CCGTATTAGCGCAGTT-1,6
CCGTCAACCTCTGGCG-1,11
CCGTGAGGCATTCATG-1,1
CCGTGCCCATGACGGC-1,12
CCGTGGAACGATCCAA-1,6
CCGTGTTAAATTCCAT-1,3
CCGTTACGTTAGAACA-1,15
CCGTTCCGAATCTCGG-1,20
CCTAAACAGGGTCCGT-1,5
CCTAAAGGCTGACGCT-1,15
CCTAAATTAACGGTTC-1,13
CCTAAATTGTATCCTA-1,19
CCTAACCCAAACAAGT-1,19
CCTAACTAAGGCTCTA-1,6
CCTACAAGTCCGGAAT-1,6
CCTACATTCACAGACG-1,16
CCTACGGCTCAGTCGA-1,12
CCTACTGCTTACACTT-1,13
CCTAGGCGTAGCGATC-1,8
CCTAGGTAAAGGTAGC-1,10
CCTAGTTAGTCGCATG-1,15
CCTATAATGAGTGCCC-1,4
CCTATATCGTGTCACG-1,11
CCTATATTTGTCCTGG-1,11
CCTATCTATATCGGAA-1,15
CCTATGAAGTGGTGCC-1,1
CCTATGGCTCCTAGTG-1,11
CCTATGGGTTACCGTC-1,14
CCTATGGTCAAAGCTG-1,9
CCTATGTCCACTCCAC-1,9
CCTCACCAATCTTGAC-1,12
CCTCACCTGAGGGAGC-1,17
CCTCACCTTAGCATCG-1,6
CCTCATGCAGCTACGA-1,12
CCTCCCGACAATCCCT-1,5
CCTCCGACAATTCAAG-1,3
CCTCCTAGCTAGAGTC-1,11
CCTCCTGTTGTGTCGT-1,9
CCTCGAAGTGGACGGG-1,15
CCTCGACCCACTGCCT-1,5
CCTCGCCAGCAAATTA-1,15
CCTCGCGCGATATAGG-1,6
CCTCGCGCTGTGCGAT-1,4
CCTCGGACCGGGATAG-1,8
CCTCGGTTTCCTTGCC-1,11
CCTCGTTACGCCTGTT-1,6
CCTCTAATCTGCCAAG-1,14
CCTCTACAAGGATTGG-1,11
CCTCTATCGATTAGCA-1,16
CCTCTCTCCCATCTAG-1,3
CCTCTGGCCTAGACGG-1,15
CCTCTGTACTATTCTA-1,7
CCTGAATATTTACATA-1,14
CCTGACCACCGATGGT-1,3
CCTGACGCAACCTTTA-1,15
CCTGAGAATAAATGCA-1,11
CCTGCGATAGAACTGT-1,12
CCTGCTATTTGAGAAG-1,13
CCTGGAAACGTTCTGC-1,1
CCTGGCTAGACCCGCC-1,20
CCTGGTCGAATGTGGG-1,4
CCTGTAAGACATGATA-1,3
CCTGTACTCACGCCCA-1,3
CCTGTCACCCGGGCTC-1,14
CCTGTCCCTCACGTTA-1,1
CCTGTCGCCCGTAAAT-1,13
CCTGTCGTGTATGAAG-1,11
CCTGTTCAACCTCGGG-1,11
CCTGTTTGAAGACACG-1,9
CCTTAAGTACGCAATT-1,20
CCTTCAGTTAAAGTGA-1,11
CCTTCCGCAACGCTGC-1,11
CCTTCGTATAGAATCC-1,11
CCTTCTCAGCGTTCCT-1,16
CCTTCTTGATCCAGTG-1,14
CCTTGACCACTTTATT-1,2
CCTTGTGAACGTGGTT-1,11
CCTTTCAATGAAGAAA-1,6
CGAAACATAGATGGCA-1,5
CGAAACGCAATTCATG-1,3
CGAACAGTATGGGCGT-1,19
CGAACATAGTCAGAAA-1,6
CGAACCCGCATGCGTC-1,3
CGAACCTCTTTCCTAG-1,11
CGAACGCCCAGTGCCG-1,15
CGAACGGCCGGACAAC-1,10
CGAAGATCAGTTTCAT-1,11
CGAAGCTATAAATTCA-1,6
CGAAGGGTTTCAGATT-1,11
CGAAGTTGCTCTGTGT-1,3
CGAATCTGCTCGACGC-1,11
CGAATGAAGTCATTGC-1,11
CGAATGACGCATAATG-1,4
CGACAATTTGATCTAA-1,17
CGACACCGCTTAAGGA-1,6
CGACACGCTCCGACAG-1,17
CGACAGTTCGCGTTAT-1,3
CGACATGCGATCTTCT-1,5
CGACCCTTAACGCCGG-1,10
CGACGCATCCGTACCT-1,10
CGACTCAGGATGTTAT-1,6
CGACTCGGTACACGGT-1,6
CGACTTTGTATAGCCT-1,1
CGAGACCCTAGAGTGT-1,3
CGAGACTACTGCTGCT-1,9
CGAGAGATGTGAACCT-1,14
CGAGAGCTTTCACTAC-1,9
CGAGAGGGTAGCCGCG-1,2
CGAGATTTCGCTCGGG-1,17
CGAGCACTTCAAGTTT-1,20
CGAGCGTTGATCAGCC-1,12
CGAGCTGGGCTTTAGG-1,20
CGAGGAGCTTCCATAT-1,6
CGAGGATCGGGAACGA-1,17
CGAGGCCAGGCATTGG-1,12
CGAGGCTAAATATGGC-1,14
CGAGGGACTGCGGTCG-1,13
CGAGGGTATCCAGGTG-1,4
CGAGTACTAAAGAGGA-1,3
CGAGTGAAGGTACCAG-1,11
CGAGTGCTATAGTTCG-1,12
CGAGTTCTGTCCCACC-1,15
CGAGTTTATCGGACTG-1,8
CGATAATACTCAGGTT-1,17
CGATACCTCGCGGACA-1,3
CGATAGCGATACAGTG-1,11
CGATAGTCGTACTGCA-1,9
CGATATTAGCCGCAGG-1,12
CGATCATTAGAGGCAC-1,6
CGATCCACCATTGTTG-1,11
CGATCCGACCCAGTGC-1,3
CGATCCTCGCAACATA-1,11
CGATCGAGAAGCACCA-1,11
CGATCTGTTGGAGGAC-1,16
CGATGGACCCTACGCC-1,6
CGATGTTGTTATCTAC-1,11
CGATTAAATATCTCCT-1,4
CGATTCGCCTGGCTGC-1,4
CGCAAACACGAGTTAC-1,13
CGCAATTACTTTCGGT-1,12
CGCAATTAGGGTAATA-1,13
CGCAATTCTACAATAA-1,16
CGCACATGTCCACTAC-1,8
CGCACGTCTGTTTATG-1,11
CGCACGTGCGCTATCA-1,1
CGCAGAAACATTTGCG-1,15
CGCAGATCTTCACCCG-1,6
CGCAGGCGATCCAAAC-1,19
CGCAGTTCTATCTTTC-1,9
CGCATCATGGCTTCAG-1,15
CGCATCCATCAGCCAG-1,17
CGCATGCCGAATGCGT-1,9
CGCATGGTGCGATGCT-1,13
CGCATTAGCTAATAGG-1,20
CGCCAAGAAGCCGAGT-1,16
CGCCACCCGCATTAAC-1,12
CGCCATCCGATTATGA-1,15
CGCCCAGCACGCCTAG-1,20
CGCCCAGCGTTTCACG-1,9
CGCCCGCTTCCGTACA-1,15
CGCCCTAATTGTTCAA-1,11
CGCCCTTGAAGGCTGA-1,16
CGCCGCCCATGCCTGT-1,8
CGCCGCGTTCTGAACG-1,11
CGCCGTTCAGCATAGT-1,18
CGCCTCCCTCCTCTAT-1,7
CGCCTGGCCTACGTAA-1,3
CGCCTTTAGCATGCTC-1,17
CGCGAAGTGGCATACT-1,9
CGCGACCGCGACAGAT-1,4
CGCGAGAGGGACTTGT-1,6
CGCGAGTCTGCCGGGT-1,10
CGCGCAAATGTCCAGA-1,11
CGCGCAAGGAACTACA-1,12
CGCGCCCGACTTAATA-1,15
CGCGGCAGTATTACGG-1,12
CGCGGCTCAACTTGAA-1,1
CGCGGGAATTAGGCAG-1,14
CGCGGGAATTCCTTTC-1,9
CGCGGTAAGTCTAGCT-1,17
CGCGGTACGGTATACA-1,20
CGCGGTCACAAACCAA-1,6
CGCGTACATTCTGGAA-1,6
CGCGTCATATTAAACC-1,5
CGCGTTCATGAAATAC-1,13
CGCTACGGGACATTTA-1,3
CGCTAGAGACCGCTGC-1,1
CGCTATACCGCCCACT-1,12
CGCTATTCAATGTATG-1,12
CGCTATTCTTAGGCTC-1,3
CGCTCGACATAATGAT-1,12
CGCTCTCCGTAGATTA-1,3
CGCTGGTGACTACCCT-1,17
CGCTGTGACGCCGCAC-1,13
CGCTGTGTGGATGTTG-1,11
CGCTTAGTATTGATAC-1,11
CGCTTATTCCCGGTCG-1,3
CGCTTCCACTGAAATC-1,12
CGCTTCGGTCTAAGAC-1,9
CGCTTGGACGGATAGA-1,18
CGCTTTCATACCGGTG-1,12
CGCTTTCCGCCAAGGT-1,20
CGCTTTCTTGCATTCG-1,14
CGGAAATTTCACATCC-1,15
CGGAACGTAAACATAG-1,3
CGGACCTTTACGTCCC-1,9
CGGAGCAATTTAATCG-1,20
CGGAGCATGGCGATCC-1,13
CGGAGCTTATAACACC-1,15
CGGAGTTTGAGAGACA-1,3
CGGATAAGCGGACATG-1,12
CGGATCCTCAAGGACT-1,4
CGGATGAATGCTGTGA-1,11
CGGCAAACATCGTGCG-1,7
CGGCAATAAGATCGCC-1,18
CGGCACCGTTAGCGCC-1,15
CGGCACTCAAGAAAGT-1,12
CGGCAGGGTCGGGTTG-1,6
CGGCCACGCACAAAGT-1,3
CGGCCAGAGCGACCAT-1,11
CGGCCCAACCTGTAGT-1,17
CGGCCCAGGTATATCC-1,1
CGGCGCCATCAATCCC-1,9
CGGCTCTAAAGCTGCA-1,17
CGGCTCTTCGTCGAAC-1,15
CGGCTGCAAGATTAAG-1,5
CGGCTTTGTATGATAA-1,15
CGGGAACGCCCTGCAT-1,11
CGGGAAGTACCGTGGC-1,11
CGGGAATATAGTATAC-1,17
CGGGAATTTATGTAAA-1,7
CGGGAGCTTCAGTGTA-1,19
CGGGAGTATACCGCCG-1,12
CGGGATCAATGTAAGA-1,14
CGGGCAGCTAAACCGC-1,13
CGGGCCATAGCCGCAC-1,12
CGGGCCTTCTTTGTAA-1,3
CGGGCGATGGATCACG-1,9
CGGGTGTACCCATTTA-1,14
CGGGTTCGGCACGTAT-1,6
CGGGTTTGTTAGGGCT-1,20
CGGTAGAGGTGCAGGT-1,6
CGGTATAGGTATTAGC-1,6
CGGTATGGGCACTCTG-1,11
CGGTCAAGTGGGAACC-1,14
CGGTCCATGAGACTCC-1,6
CGGTCCGTCGCAAGCC-1,11
CGGTCTATCAACCCGT-1,15
CGGTGAAGACTAAAGT-1,3
CGGTGCAGATAGAACG-1,3
CGGTGCGCGTTGGTCC-1,20
CGGTGGGCTCCAGCCT-1,6
CGGTGTACTTGATCCC-1,12
CGGTTATCCAACAGTG-1,6
CGGTTCAAGTAGGTGT-1,6
CGGTTCCGGCTTCTTG-1,12
CGGTTGACCTGGCATA-1,3
CGGTTGAGTATCCTTC-1,11
CGGTTGGGCAGGGTCC-1,20
CGGTTGGGTTCAAGTT-1,6
CGGTTTATGAAGGAAC-1,6
CGTAAACGCTTGAGTG-1,12
CGTAAAGCAAGAAATC-1,11
CGTAACTTCGACACTT-1,11
CGTACCGAAAGTCTAG-1,12
CGTACCTGATAGGCCT-1,14
CGTAGAGAGTAATTAT-1,9
CGTAGCGAATTGTCAG-1,15
CGTAGCGCCGACGTTG-1,15
CGTATTAAGAGATCTA-1,3
CGTCACGTCCATTGGT-1,3
CGTCAGTGCGCACAAG-1,12
CGTCAGTTTATCGTCT-1,5
CGTCATACCATATCCA-1,12
CGTCCTCATCGCGTGC-1,9
CGTCGCATGTGAGCCA-1,9
CGTCGCGGCGGGATTT-1,12
CGTCGCTTGGTTATAC-1,11
CGTCGGATAGTGTTGA-1,20
CGTCGGGTCTAAGCGC-1,20
CGTCGTCCTTCGCGAA-1,4
CGTCTGGAAGGGCCCG-1,12
CGTGAAGTTAATTCAC-1,3
CGTGACATTGGGTCGT-1,15
CGTGACCAGTCCTCTG-1,4
CGTGCACACCACTGTA-1,9
CGTGCAGACTGGGACA-1,13
CGTGCATTGTCGACGC-1,3
CGTGCCCGACATTTGT-1,5
CGTGCTGGCCTAGTCG-1,12
CGTGCTTCTACCTAAA-1,11
CGTGGAAGCCTCGTAC-1,17
CGTGGCCGAATATCTA-1,17
CGTGGTACCCAAAGGC-1,11
CGTGTATGGGAGCTGA-1,9
CGTGTCCCATTCGCGA-1,13
CGTGTCTCGTTACGAC-1,11
CGTGTGTTAAACCCTG-1,1
CGTTAAACTAGTTAGG-1,17
CGTTAAATACGACCAG-1,9
CGTTAATGTCCCGACG-1,9
CGTTAGCTCACAACTG-1,15
CGTTCAAGGAAACGGA-1,11
CGTTCAGACCCGCGAA-1,4
CGTTCATGGTGCGCGT-1,10
CGTTCTTCGCACACCT-1,6
CGTTGAATACCGCGCT-1,4
CGTTGAGTAATTGCGT-1,6
CGTTGCCCGCGTGGGA-1,11
CGTTGTAAGATTGATT-1,20
CGTTGTCGGCAATTGA-1,4
CGTTGTTTCAATTCCC-1,3
CGTTTAAGCGGAGCAC-1,12
CGTTTACAAGGCAGCT-1,6
CGTTTCACTTCGGGCG-1,6
CGTTTCGCTCATTACA-1,3
CGTTTCGGTTATATGC-1,9
CTAAAGAATGCCTACT-1,3
CTAAAGGGAAATAGGA-1,3
CTAAAGTCCGAAGCTA-1,12
CTAAATCCGGTGTACA-1,11
CTAAATCCTATTCCGG-1,15
CTAACCGCGCGCCCGT-1,3
CTAACGAAACTTGCTG-1,6
CTAACTGATAATCGCC-1,18
CTAACTGGTCCGGTTC-1,16
CTAAGTACAGGGCTAC-1,6
CTAATTATGAAGCGTA-1,6
CTAATTCGCACGCGCT-1,3
CTAATTCTCAGATATT-1,17
CTAATTTCAACAACAC-1,12
CTACAAGAAATAACCC-1,11
CTACACTCGCAGATGG-1,18
CTACATATCGCGGGAC-1,11
CTACCCTAAGGTCATA-1,6
CTACGAACTAGGTCGA-1,5
CTACGACTAGCTATAA-1,3
CTACGATCCTATCCTA-1,11
CTACGCACGGAGTACC-1,3
CTACGCCATTTCCGAT-1,15
CTACGTGTTGCCACCA-1,12
CTACTATCATAGGTTT-1,16
CTACTATCTTTCAGAG-1,6
CTACTCAAGGTATAGT-1,11
CTACTCTAGGCCCGGC-1,3
CTACTGCCACCTGACC-1,14
CTAGACATATATGTAG-1,6
CTAGACTGCATTTCGT-1,6
CTAGATAAACTCCTCG-1,12
CTAGATGTGAGTGTAA-1,1
CTAGATTTACGACGGC-1,7
CTAGCATAGTATAATG-1,13
CTAGCCACAGGCGAGC-1,2
CTAGCCGATGTTATGA-1,6
CTAGGCGCCCTATCAG-1,9
CTAGGCGGCAGAGAAT-1,20
CTAGGGATAGGGACAA-1,11
CTAGGTCTGAAGGAAT-1,1
CTAGGTTCGGACGTGA-1,4
CTAGTAGAAAGGGATT-1,9
CTAGTATTCGGAATTA-1,15
CTAGTCACGTCTTAAG-1,13
CTAGTGAAGGACAGGA-1,3
CTAGTTACAACCCGGT-1,4
CTAGTTGGGCCCGGTA-1,14
CTATAAGAGCCAATCG-1,6
CTATAGGCGTTGATGT-1,11
CTATATCCAGCCTGGC-1,11
CTATCACAACGCTGGA-1,11
CTATCGACGAAATACA-1,9
CTATCGCGTAGAGAAC-1,18
CTATCGGGTCTCAACA-1,13
CTATGCCCGAATGCAA-1,4
CTATGGGAAGCGGAAT-1,18
CTATGTCACTAGCCCA-1,20
CTATGTCTATTGAAAC-1,12
CTATGTGAGTCACGGC-1,16
CTATTCATGTGTCCCA-1,7
CTATTGTGTTTGGTCA-1,6
CTATTTGCTTGGAGGA-1,20
CTATTTGGTTACGGAT-1,13
CTCAAACCACTGCCCG-1,11
CTCAACTAACCCGGAT-1,9
CTCAAGACATTAGCGC-1,6
CTCACACGCAAGCCTA-1,6
CTCACATTTACTAAAT-1,4
CTCACCGATCCAAACT-1,6
CTCACTGTGATACTTA-1,4
CTCACTTGGCTGGTAA-1,3
CTCAGAGCTAATGTCG-1,11
CTCAGGACTCACCTGT-1,12
CTCAGTCACGACAAAT-1,6
CTCATAAATGTGTATA-1,9
CTCATGGCTCACAATC-1,20
CTCATGGTAATTTGCG-1,16
CTCATTGCTCTAACAA-1,4
CTCATTTGATGGGCGG-1,20
CTCCCAATGAGTCGCG-1,17
CTCCCTCCTTTCGATC-1,10
CTCCGCCCACATGAGG-1,3
CTCCGGCCTAATATGC-1,12
CTCCGGCTTGTAGACA-1,12
CTCCTAAGTTATGTCT-1,12
CTCCTCCAGCTCACAC-1,11
CTCCTGTTCAAGGCAG-1,19
CTCCTTTACGCAAGTC-1,6
CTCGAATGGAACGTAT-1,6
CTCGAGATCCAAAGCA-1,12
CTCGAGGTCGAACAGT-1,13
CTCGATATTTGCGAGC-1,6
CTCGCACCTATATAGT-1,14
CTCGCATTGCATAGCC-1,11
CTCGCCGAATGTAGGG-1,4
CTCGCTAGGTAAGCGA-1,9
CTCGGGATAACACCTA-1,17
CTCGGGCATCGTCGGG-1,5
CTCGGGTTCTCTGGCC-1,11
CTCGGTACCACTGCTC-1,8
CTCGGTCCGTAGCCTG-1,12
CTCGGTTGTCGGCCCT-1,11
CTCGTCGAGGGCTCAT-1,11
CTCGTCTGTGCCTTCG-1,9
CTCGTTACGGCTACCA-1,11
CTCGTTTCTAATGTTT-1,6
CTCTAATGCATTGATC-1,6
CTCTACACTGGCGATT-1,16
CTCTACATCCTGCGTG-1,11
CTCTAGCCCTCGGAAA-1,9
CTCTATTTGGCTGCAG-1,7
CTCTCACAATCGATGA-1,13
CTCTCGATGTGCGCCT-1,5
CTCTCTAACTGCCTAG-1,11
CTCTGCAGGCATTCTT-1,11
CTCTGCGAAGCAAGCA-1,12
CTCTGGACGCCTGGTG-1,13
CTCTGTTTGAGGATTC-1,15
CTCTTCTATTGACTGG-1,1
CTCTTCTGGAAGTTAG-1,11
CTCTTGTCCCGCTTGG-1,7
CTGAAACGGCCCTCAG-1,20
CTGAAAGAGATCCGAC-1,14
CTGAATCCGAGACCTC-1,3
CTGAATTTATTGCCAG-1,6
CTGACATAGAAATAGA-1,17
CTGACTGCGCAGCTCG-1,17
CTGAGAAAGTTCGGCG-1,17
CTGAGCAAGTAACAAG-1,12
CTGCAAATGGGCTCCA-1,5
CTGCAAGCACGTTCCG-1,18
CTGCACAACTACATAT-1,7
CTGCACCTAGTCCACA-1,17
CTGCACCTGGAACCGC-1,12
CTGCACTCCAGTACAG-1,4
CTGCAGAGAATCAGAG-1,9
CTGCCAAGGTTGGAAG-1,15
CTGCCATGCATCACAT-1,3
CTGCCTAGCCACCAAG-1,5
CTGCCTCATATGCAAC-1,20
CTGCCTTTAATACCTT-1,11
CTGCCTTTCTAGTAAA-1,9
CTGCGACCTCGCCGAA-1,9
CTGCGATTTCGAGATT-1,11
CTGCGGGTGAAATGTT-1,3
CTGCGGTAGTCACGTG-1,6
CTGCGTTACGATATAA-1,15
CTGCTCTGACGGCAAA-1,11
CTGCTGAGGCCACGAA-1,16
CTGCTGTCTAACGAGC-1,17
CTGCTTGGCGATAGCT-1,4
CTGCTTTATGTCCGCG-1,6
CTGGAAATGGATGCTT-1,13
CTGGAAGACACGGTGG-1,19
CTGGACGCAGTCCGGC-1,10
CTGGCATCCGAATGAG-1,16
CTGGCGACATAAGTCC-1,15
CTGGCGATTTACATGT-1,9
CTGGCGCACAGGTCTG-1,8
CTGGCGGGAATAAGTA-1,12
CTGGCTCCTGCGGGAT-1,12
CTGGCTGATTCATCCT-1,17
CTGGCTGCTAACGTAA-1,12
CTGGGATACGCTACCC-1,1
CTGGGATCGCCCAGAT-1,5
CTGGGCCTGCTATATC-1,3
CTGGGCTACTGGAGAG-1,9
CTGGGCTATCCTTTGG-1,6
CTGGGTTGAGTTAAAG-1,10
CTGGTAAAGACTTACA-1,9
CTGGTAAAGTGTGGGC-1,2
CTGGTAACACATAGAA-1,8
CTGGTAACGAGCTCTT-1,6
CTGGTCATTCCAATCC-1,16
CTGGTCCTAACTTGGC-1,5
CTGGTGAATGGGCCTA-1,11
CTGGTTCAACGCATCA-1,12
CTGGTTTCGAGCAAGA-1,19
CTGTACTTCTTAGCAT-1,3
CTGTAGTGAGGATCGA-1,11
CTGTATGGTGTAGAAA-1,12
CTGTCAAATGGCTCGG-1,15
CTGTCACGCCAGGCGC-1,6
CTGTGCAGGGTAGGTC-1,13
CTGTGGTCGGGAGATA-1,9
CTGTTACCCAATCTAG-1,7
CTGTTCACTGCCTGTG-1,12
CTGTTCATCTCACGGG-1,12
CTGTTGTTCAGTCGTA-1,11
CTTAACTTACAGTATA-1,9
CTTAACTTCGAAGTAC-1,15
CTTACACGGTATTCCA-1,3
CTTACACTGGGAAATA-1,12
CTTACATAGATTTCTT-1,11
CTTAGATGTTTCATCC-1,11
CTTAGCCTTCCACATG-1,15
CTTAGGTATAGACCAG-1,11
CTTAGTAGGCCTACAG-1,17
CTTAGTGTAGTAGCAT-1,20
CTTAGTTGAGGAATCG-1,11
CTTATGCGCTCAGGGC-1,16
CTTATGTTGACTACCA-1,12
CTTCAACTCCACTTGG-1,4
CTTCACGCCCTGGTAC-1,11
CTTCAGTGGTCGCCTA-1,20
CTTCAGTTGGACAACG-1,9
CTTCATAGCTCAAGAA-1,12
CTTCATTGTCAGTGGA-1,3
CTTCGATTGCGCAAGC-1,9
CTTCGGCCAATTGTTT-1,17
CTTCGTAGATAGGTGA-1,3
CTTCTATGTTGAAGTA-1,16
CTTCTGGGCGTACCTA-1,11
CTTCTTACGTCGTATA-1,12
CTTGACCCGAAAGATA-1,15
CTTGAGGTTATCCCGA-1,12
CTTGAGTTAGGGTAAT-1,8
CTTGATGACCATCCAG-1,9
CTTGCAACCGCCTCCT-1,16
CTTGCCCACCCACGCA-1,9
CTTGCCCAGGCTCTAC-1,3
CTTGGCCAAGCTGGGA-1,4
CTTGTACTTGTTGACT-1,12
CTTGTCAACATTCGAG-1,7
CTTGTGAGTCTTTGAC-1,12
CTTGTGCTCACCGATT-1,6
CTTGTTGCTGAGTCAA-1,13
CTTGTTTATGTAGCCA-1,12
CTTTAACTTTCAAAGG-1,14
CTTTAATATTGGTCGA-1,7
CTTTACCGAATAGTAG-1,19
CTTTAGTGCTATTATT-1,7
CTTTCTGTGCGGGCTT-1,4
CTTTGCATCGCTCTTG-1,9
CTTTGGCAGACAGAGT-1,6
CTTTGGCGCTTTATAC-1,16
CTTTGGCTTTAGTAAA-1,3
CTTTGGGATTGTTGCA-1,11
GAAACAGATGACCACC-1,8
GAAACAGCCATGCAGT-1,12
GAAACATAGGAAACAG-1,11
GAAACCATGGTGCGCT-1,17
GAAACCGAATTACCTT-1,3
GAAACCTATACAAATG-1,11
GAAACTCGTGCGATGC-1,3
GAAACTCTAATGAAGG-1,15
GAAAGAACAGCGTTAT-1,1
GAAAGCCCTTTGGACC-1,3
GAAAGTGACTAACTGC-1,20
GAAATACCTGCTGGCT-1,15
GAAATACTAAACGTTT-1,12
GAAATATCACCATCAG-1,3
GAAATATGCTTGAATG-1,6
GAAATCGCGCGCAACT-1,14
GAAATGGCGGTGTTAG-1,13
GAAATGGGATGTAAAC-1,12
GAAATTAGCACGGATA-1,6
GAAATTCACATCGCTG-1,12
GAAATTGTCTCTATAA-1,3
GAACAACTGGGATGAA-1,9
GAACACACATCAACCA-1,12
GAACAGATTACTAAAT-1,4
GAACATTAGTATGTTA-1,6
GAACCATCTGGGAGAC-1,5
GAACCCTCTGTGTTCT-1,4
GAACCTTTAACGATCC-1,9
GAACGACCGAATGATA-1,12
GAACGATAAGTTAAAG-1,6
GAACGCGGGTCACACG-1,17
GAACGGTGTAAAGCAG-1,6
GAACGTCTCATGGTCG-1,14
GAACTGTGGAGAGACA-1,9
GAACTTAGCGCCCGGT-1,20
GAAGAAACGATATTGT-1,11
GAAGAACGGTGCAGGT-1,12
GAAGACTTCAATGCCG-1,5
GAAGCCACTGATTATG-1,9
GAAGCCTGCACATTCC-1,4
GAAGCGTGAGGAATTT-1,13
GAAGCTCGGACCCGTC-1,20
GAAGCTTGCTGACCGC-1,3
GAAGGAGTCGAGTGCG-1,20
GAAGGCTACCATTGTT-1,6
GAAGGGTCATTAAGAC-1,9
GAAGTCTCCCTAGCGA-1,8
GAAGTGATTTATCGTG-1,3
GAAGTGCTGGATAGCT-1,12
GAAGTTTCCACTCAAT-1,3
GAATAGACGCGACCCA-1,8
GAATAGCATTTAGGGT-1,17
GAATAGCCCTGCGGTC-1,6
GAATAGTGCTCGATTA-1,11
GAATATTCGGAGTCCC-1,15
GAATCGACATGGTCAC-1,13
GAATCGCCGGACACGG-1,12
GAATCTGAACATTCTC-1,13
GAATGAAGGTCTTCAG-1,6
GAATGCCGAAATGACC-1,12
GAATGCGAATCGGTTC-1,4
GAATGTATGGCAGGTC-1,15
GAATGTTGGGTAATCT-1,14
GAATTATAGTGAAAGG-1,13
GAATTCACCCGGGTGT-1,3
GAATTTCTCGCTGCAG-1,3
GACAAACATATGCAGG-1,1
GACAACGACCATTGAA-1,14
GACAACGCAGCTTACG-1,12
GACAAGAGATGAGATT-1,18
GACACAAGGGAAGAAA-1,14
GACACAGCCGGGACTG-1,9
GACACGAGTTAGAGGA-1,12
GACACTGAGTTCAGTG-1,3
GACACTGGAACCCGAT-1,19
GACACTTCCAATTACC-1,9
GACAGGCACACACTAT-1,3
GACAGGTAATCCGTGT-1,9
GACATCCGTCGAACTG-1,9
GACATTTCGCCCAGCC-1,11
GACCAAACGTTGACTG-1,2
GACCACACTTCCCTTT-1,9
GACCAGAGCCCTGTAG-1,3
GACCAGGTCATTCATA-1,5
GACCCAATTATGATAC-1,11
GACCCGTCGCCGGCTA-1,15
GACCGACGTGAAAGCA-1,1
GACCGACTGAAGCGTC-1,3
GACCGATTAAATATGT-1,11
GACCGCGTCTGACGTG-1,17
GACCGTCAGGTCGTGA-1,15
GACCGTGCTGACGGTG-1,3
GACCTTCCACGTCTAC-1,9
GACGACGATCCGCGTT-1,4
GACGAGGCTAATAAAC-1,9
GACGATATCACTGGGT-1,11
GACGCCTGTTGCAGGG-1,12
GACGCTTGCTTCTAAA-1,3
GACGGACCGCGTTCCT-1,5
GACGGGCATCGAATTT-1,9
GACGGGTTGGCCCGTA-1,11
GACGGTCAATAGAAGC-1,17
GACGTGAGACTCCATG-1,12
GACGTGTAGGGATTAT-1,3
GACGTTCGTAAATACA-1,6
GACTAACACAGCACCT-1,20
GACTAAGATCATGCAC-1,12
GACTAAGTAGGCTCAC-1,13
GACTACAAAGCGGTGG-1,10
GACTACAATTGCTCGT-1,5
GACTAGGCCGTTAGGT-1,9
GACTCACCCACGTGAG-1,1
GACTCCCAGAATAAGG-1,17
GACTCCTTCCAATTGA-1,11
GACTCGCGGGAATGAC-1,6
GACTCGGTCGGCGGAT-1,6
GACTCTAGAGTTCCAA-1,11
GACTGATTGGTCACAA-1,6
GACTGCAAATCGAGCT-1,4
GACTGCGGCACGTGTA-1,16
GACTGCTGGTGAGAAA-1,11
GACTGGGCGCCGCAAC-1,6
GACTTCAACGCATCAA-1,20
GAGAACGGTTCTGACT-1,9
GAGACCCTGCAACGCC-1,6
GAGACTGATGGGTAGA-1,13
GAGAGGCCTATGTGTA-1,20
GAGAGGGCGCGAGGTT-1,3
GAGAGGTGCATTCTGG-1,3
GAGAGTCTCGGGAGAG-1,11
GAGATCTGCTTGGCAT-1,3
GAGATCTGTCACTCCG-1,14
GAGATGACAATCCTTA-1,6
GAGATGGCTTTAATCA-1,9
GAGATGGGAGTCGACA-1,4
GAGCACCTGTGTCCAG-1,4
GAGCATCAACAACTTG-1,11
GAGCATCATCCCTGGG-1,12
GAGCCACGGTAGTAGG-1,12
GAGCCAGCTACCTGTG-1,9
GAGCCGAGCGTTTATT-1,6
GAGCGAGGGAGTACCG-1,12
GAGCGCAAATACTCCG-1,19
GAGCGCGCACGAGTAG-1,19
GAGCGCTGTTAGGTAA-1,11
GAGCGGAATGCGGTGT-1,11
GAGCTAAGGGCATATC-1,14
GAGCTCAACATGAGCG-1,11
GAGCTCTCGGACCTAA-1,12
GAGCTGTCGTCTCGGA-1,6
GAGGAATATCTCTTTG-1,11
GAGGAATGGAGAGGTT-1,16
GAGGATAAACAGTGCT-1,1
GAGGCATTTGCAGCAG-1,6
GAGGCCCGACTCCGCA-1,11
GAGGCCTGTTGATACA-1,9
GAGGCTATCAAAGTCG-1,3
GAGGGAGTCAGATCGC-1,11
GAGGGCATCGCGTATC-1,12
GAGGGCCATAATATTA-1,20
GAGGGCGCAGCTCTGC-1,6
GAGGGTAGTAACAAAG-1,11
GAGGTACATCCATCTT-1,15
GAGGTACGCGTGTCCC-1,9
GAGGTCCCAAAGATCT-1,12
GAGTAAACCGGAAAGT-1,17
GAGTAAGGCCACGGGA-1,10
GAGTACGGGTATACAA-1,12
GAGTAGATACTAGTTG-1,4
GAGTATGCGCGTGCAT-1,4
GAGTCCGCTTACCGGA-1,3
GAGTGTCAACCAGAAA-1,9
GAGTGTGCGGTACCCA-1,8
GAGTTGATGGCAATTT-1,10
GAGTTGTCACCAGTCT-1,11
GATAAATCGGTGGATG-1,12
GATAACTCGCACTGTG-1,8
GATAAGGCAGATGCAA-1,12
GATACGATGGGAGTCA-1,3
GATAGAACCCGCTAGG-1,11
GATAGATAGTACAGTC-1,9
GATAGGTAACGTTGAC-1,7
GATAGTGCGAGTAAGT-1,11
GATATCTCATGCAATA-1,12
GATATGAGACACTAAC-1,20
GATATGCGGTAGCCAA-1,15
GATATGGATTACGCGG-1,16
GATATTGAGATTGGCG-1,17
GATATTTCCTACATGG-1,15
GATCAACATAAAGGGA-1,11
GATCATTCCAAACATT-1,13
GATCCCTTTATACTGC-1,20
GATCCGGGAATTAACA-1,13
GATCCTAAATCGGGAC-1,6
GATCCTCGACACTGGC-1,16
GATCCTCTTGCGCTTA-1,15
GATCGACACTATCTGA-1,13
GATCGCGGGCTCTCCA-1,3
GATCGCTACCCGATTT-1,19
GATCGCTATATCTCAG-1,11
GATCGCTGTGGTGCGT-1,11
GATCGGATAGAACCAT-1,16
GATCGGCGATAAGTCG-1,12
GATCGGTGGCCATAAC-1,14
GATCGTGACTGATATC-1,13
GATCTCGACGCTGTGG-1,17
GATCTGCTATCTAAGG-1,4
GATCTTGGAGGGCATA-1,7
GATCTTTGCAGGGTAT-1,3
GATCTTTGCTCAAAGA-1,6
GATGACAAGTAGGGCA-1,11
GATGACGATGATCGCG-1,6
GATGAGGAACCTTCGG-1,9
GATGCCAGCAGAAGGC-1,16
GATGCCTTCTGCGGCA-1,11
GATGCGTCCTGCATTC-1,3
GATGCTACAAGCGCCT-1,12
GATGCTACCTTCGATG-1,11
GATGCTGTATTTCATC-1,20
GATGGCGCACACATTA-1,12
GATGGTGAAATAACCC-1,6
GATGGTGCCCTAGGCA-1,5
GATGTAACGAACCACC-1,10
GATGTCCGGATCACAT-1,12
GATGTCGGTCAACTGC-1,5
GATGTGTTGTCACAAG-1,5
GATGTTCAATCCACGA-1,3
GATGTTTGTGCGAGAT-1,12
GATTAACCGAAAGCCC-1,9
GATTAATCCTGGCTCA-1,12
GATTACTGAATTTGGG-1,3
GATTCCCTTGTCGCAG-1,14
GATTCCGCGTTTCCGT-1,15
GATTCCTATACGGCGC-1,16
GATTCGACGGTTCACG-1,13
GATTCTGTTAATGAGT-1,11
GATTGACACTCTGCTC-1,5
GATTGCTCCAGTTGCA-1,11
GATTGGGAAAGGTTGT-1,9
GCAAACCCTACATTAT-1,7
GCAAACCTTGGCCATA-1,4
GCAAACGTCGCCAGGT-1,17
GCAAAGGGCGTTAGCC-1,11
GCAAATATTACGCTTT-1,3
GCAACACACTAGAACT-1,20
GCAACAGCAGTATGCG-1,17
GCAACCACCAGACCGG-1,6
GCAACCACGGCCGCGT-1,3
GCAACGGCTAGTTATG-1,1
GCAAGAATTCCTTGGC-1,3
GCAAGATGTGTTCGCG-1,6
GCAAGTGCACAGAGAA-1,13
GCAAGTGTAAAGCATG-1,11
GCAATTAGTCGCACCG-1,17
GCACAAACCCTAGATG-1,11
GCACAAACGAGGCGTG-1,17
GCACAACCTCGGGCGT-1,11
GCACAAGTGTCGGAAG-1,5
GCACACACTGGTAGCC-1,9
GCACACAGCTATTACC-1,20
GCACAGCACGGGCCGA-1,11
GCACCTAGGCGAGTCC-1,9
GCACGCCGATTCCCGC-1,9
GCACGTGGTTTACTTA-1,9
GCACTAGTCGCGCTAT-1,12
GCACTGCCTACCTTTA-1,9
GCACTGTGCAAATGTA-1,12
GCAGAAACGTAATCCA-1,6
GCAGACCCAGCACGTA-1,1
GCAGATCCATAAGACT-1,20
GCAGATTAGGGATATC-1,3
GCAGCACACAGCCCAG-1,3
GCAGCCTATATCACAT-1,1
GCAGCGGTGGGCATTA-1,12
GCAGCTATGGACAGGT-1,6
GCAGCTGTCAACGCAT-1,9
GCAGGAACTTAGATCT-1,10
GCAGGACTATAGAATA-1,3
GCAGGTAGAGTATGGT-1,6
GCAGTGTGGCTATAGG-1,4
GCAGTTCGATCCGAGC-1,18
GCATACGAGGTCTTTA-1,16
GCATAGAGCACTCAGG-1,3
GCATCCCTAACTTTGA-1,12
GCATCGGCCGTGTAGG-1,17
GCATGAGGGACGCGGC-1,6
GCATGCTAATAACGAT-1,9
GCATTCAAGGCAACGC-1,17
GCATTCGAAATGAACA-1,16
GCATTGTAATTCATAT-1,16
GCATTTCCAAGGCTCC-1,1
GCCAACCATTTCCGGA-1,20
GCCAAGAATACTTCTG-1,16
GCCAATAGGGCATCTC-1,6
GCCACAATTTAAGGAC-1,3
GCCACTCAGAGCGCGA-1,9
GCCACTCCTTACGGTA-1,19
GCCAGGAAAGAACACT-1,11
GCCAGGAGTAACCGAT-1,15
GCCAGGCGTTCGCATG-1,15
GCCATATTGCACACAG-1,20
GCCATCGATGCTGCAT-1,1
GCCATTAGCCTCAAAC-1,10
GCCCACCAAGGCTGTC-1,12
GCCCAGATGCTGGAGA-1,1
GCCCAGTTGGTATGCC-1,12
GCCCGACTTCTTCCCG-1,16
GCCCGAGAGTCTAAAT-1,11
GCCCGATCTGTGGTCG-1,20
GCCCGCGCGTAAACGG-1,20
GCCCGCGCGTTTGACA-1,12
GCCCGTAATACCTTCT-1,14
GCCCTAGCCGTCGCGA-1,10
GCCCTGAGGATGGGCT-1,9
GCCGAAATTCCTACGT-1,3
GCCGACCCACGACTGC-1,11
GCCGATTGGCCAAGCT-1,3
GCCGCTTGTGAGAAAC-1,3
GCCGGAAACACATCTT-1,5
GCCGGGTTAGGGTCGC-1,3
GCCGGTCGTATCTCTC-1,11
GCCGTCGGTTTCGGGC-1,11
GCCGTGGAAGAAATGT-1,1
GCCTACGTTCTGTGCA-1,9
GCCTAGCGATCTGACC-1,12
GCCTATAGTGTCAGGG-1,6
GCCTATGCTGGGCCTT-1,6
GCCTATTCCGATATAG-1,12
GCCTATTTGCTACACA-1,12
GCCTCATCTGGAAATA-1,17
GCCTCCGACAATTCAC-1,9
GCCTCTATACATAGCA-1,4
GCCTGCTACACTGAGA-1,6
GCCTGTCCCGGTGCAT-1,11
GCCTTCAGCCCTACCG-1,12
GCCTTGTATATGCAGT-1,12
GCCTTTGTCAGTGGAC-1,11
GCGAAACGATCGGGAG-1,9
GCGAAGAATCTGACGG-1,9
GCGAAGCCATACCCGT-1,13
GCGAATGGACTAGCGA-1,11
GCGACATGTAAACATC-1,1
GCGACCCAACCATCTG-1,11
GCGACGATAGTTGTAC-1,3
GCGACGGTAGTCTCCT-1,11
GCGAGAAACGGGAGTT-1,12
GCGAGAGGCCATGTAA-1,6
GCGAGAGTTGCGTCCA-1,1
GCGAGCGCATGCTCCC-1,1
GCGAGGCCCGAGCAGA-1,3
GCGAGTTCTGCAAAGA-1,13
GCGATTCTGGAAGCAG-1,5
GCGATTGTTAACGTTA-1,13
GCGCAAATATATTCAA-1,11
GCGCAAGAGCGCGCTG-1,1
GCGCATCCAGTCAGCA-1,6
GCGCCGTTCCACGATA-1,13
GCGCCTCCCACTCCGA-1,17
GCGCGGTCTAGTAACT-1,20
GCGCGTCATTGGTACA-1,4
GCGCTAATTGAATAGA-1,13
GCGCTATGCCGAGGCA-1,3
GCGCTGATCCAGACTC-1,15
GCGCTGCTTTGCATTT-1,6
GCGCTTAAATAATTGG-1,9
GCGGAGAAACTTCGCA-1,11
GCGGATTACTTGTTCT-1,9
GCGGCAAAGTATTGCC-1,11
GCGGCTCTGACGTACC-1,3
GCGGCTTTAGCAAGTT-1,9
GCGGGAACCAGGCCCT-1,12
GCGGGCAGACGGGTGA-1,11
GCGGGCATTACGATGC-1,17
GCGGTAACCCAAATGA-1,12
GCGGTCCCGGTGAAGG-1,6
GCGGTCCCTAGACGCA-1,12
GCGGTCTTGCTTTCAC-1,9
GCGGTGAACTGCGCTC-1,6
GCGGTTCCCTATCATG-1,3
GCGTAAATGGCCATAA-1,1
GCGTCCCTAAGACATA-1,11
GCGTCGAAATGTCGGT-1,12
GCGTCGCCAGGGTGAT-1,4
GCGTCGTAACATGGTC-1,11
GCGTCTCTGCATTGGG-1,3
GCGTGGTACTGGGTTA-1,20
GCGTGTATGTCGTATT-1,5
GCGTTCGGAGACCGGG-1,6
GCTAAACCTGAGGTGA-1,20
GCTAACTGAAGTCTGA-1,9
GCTAAGCCCAGTATGC-1,9
GCTAAGTAAAGGCGAT-1,16
GCTAAGTAGTTTCTCT-1,13
GCTAATACCGAATGCC-1,12
GCTACAATCGAGGATA-1,9
GCTACAGTACGGACCG-1,16
GCTACGACTTATTGGG-1,7
GCTACTATAGTAGAGT-1,19
GCTAGACCGTCTACTG-1,1
GCTAGAGTAGAGATGT-1,9
GCTAGCAGGGAGTGGG-1,6
GCTAGCGATAGGTCTT-1,11
GCTAGGCACCACGGAG-1,9
GCTAGTAGAGCTTGTA-1,13
GCTAGTTTCATTGAGG-1,12
GCTATAAGGGCCAGGA-1,9
GCTATACGTCTCGGAC-1,9
GCTATCATACTCATGG-1,4
GCTATCGCGGCGCAAC-1,12
GCTCAATGTAATACCG-1,4
GCTCATTACTGCATGT-1,6
GCTCCATGCAAAGCAA-1,11
GCTCCCAGTCGGTCCA-1,1
GCTCCGCTCGCTTCAG-1,1
GCTCCTGACATACTGG-1,11
GCTCGCTCATGTCCAA-1,1
GCTCGGAATTTAAAGC-1,15
GCTCTAAACCCTGACG-1,14
GCTCTATGTTACGTGC-1,13
GCTCTCGGGTACCGAA-1,14
GCTCTTTCCGCTAGTG-1,20
GCTGAACTCTCCAGGG-1,17
GCTGAATCTTCCAATC-1,11
GCTGAGGCGTGAGTAT-1,13
GCTGCACGGTTTCTTA-1,7
GCTGCTAAGTAGTCGA-1,7
GCTGCTACTGCGTAGC-1,20
GCTGCTCTCCGGACAC-1,13
GCTGGACCCAAAGTGG-1,6
GCTGGCATATTCACCT-1,3
GCTGGCGGCGCATGCT-1,4
GCTGGTGACTCGTAGT-1,6
GCTGGTTTAGGCCATA-1,11
GCTGTATTACTGGCCC-1,3
GCTGTTGCTACCGAAC-1,17
GCTTAATGTAACTAAC-1,8
GCTTACGTAGTTAGTA-1,1
GCTTATGAAGCAGGAA-1,6
GCTTCAGTGGGATTAC-1,6
GCTTCCAGCTTAGATT-1,12
GCTTCCATGTAACCGC-1,9
GCTTCCCGTAAGCTCC-1,20
GCTTCCGTCCCTAGAC-1,14
GCTTCGACGTTCAATC-1,11
GCTTGAGTGACCTCTG-1,9
GCTTGATGATAATCAG-1,12
GCTTGCAGCACAATTG-1,6
GCTTGGATCGATTAGG-1,6
GCTTTACACAACTGGG-1,9
GCTTTCAGAGGAGGTG-1,6
GCTTTCTATCTCAACT-1,6
GGAAACCTTGTTGAAT-1,6
GGAAACTAAATGGGCC-1,9
GGAAAGGGAATTGAGC-1,20
GGAAAGTGCCCATGCC-1,15
GGAACCGTGTAAATTG-1,3
GGAACCTTGACTCTGC-1,11
GGAACGGCCTGCAGCC-1,16
GGAACTTTGGCGATTA-1,18
GGAAGCTCGCTTACAG-1,15
GGAAGGACACCGTATA-1,20
GGAATAACCTCAAGAA-1,5
GGAATGCGCTAGCGTG-1,14
GGACAACCATGAAGCC-1,9
GGACACAAGTTTACAC-1,17
GGACACCTCGGTGTTG-1,11
GGACCAACAGGATAAC-1,7
GGACCTACGGTAACGT-1,6
GGACCTCTAGGCCGCC-1,11
GGACGGCTTGCGCAAC-1,6
GGACGGGCGACCAACC-1,9
GGACGTCCATAGTTGG-1,6
GGACTCGACAGCGCAT-1,11
GGACTCGTGAGTGGTC-1,11
GGACTCTTTGACTAAG-1,9
GGAGAAGTCATTGGCA-1,12
GGAGACCAATGTGCTT-1,6
GGAGACGACACCTTTG-1,7
GGAGCAACATTTCAAG-1,18
GGAGCACCAAGAACTA-1,15
GGAGCGAGGCCTACTT-1,9
GGAGGATTGAAAGGAG-1,5
GGAGGCCGAAGTCGTC-1,1
GGAGGGCTTGGTTGGC-1,14
GGAGGGTCAAGTAAGA-1,18
GGAGTGCCGCCCTGGA-1,12
GGAGTTGATTCTGTGT-1,9
GGATACTCATGAATTG-1,12
GGATCAAAGGACGAGG-1,15
GGATCATCCCGTACGC-1,6
GGATCCCTACCAGCTA-1,12
GGATCCGGAATATACT-1,13
GGATCTTACTGCCCTT-1,11
GGATCTTGACTCAACC-1,10
GGATGAAGATCGCTGA-1,17
GGATGACGCGAGTTTA-1,3
GGATGCTGGCGTTCCT-1,16
GGATGGCTTGAAGTAT-1,9
GGATGTCCTTACCGCA-1,6
GGATTAAGCTAAGGTC-1,15
GGATTAATCATGGACC-1,9
GGATTCAGTACGGTGG-1,12
GGATTCCGCTATACCC-1,15
GGATTGCTGTGACTCC-1,20
GGATTTCACTTCTATA-1,14
GGCAAAGGCGCCAATA-1,11
GGCAAATTACTTTACT-1,3
GGCAAGCCAGGGATAG-1,6
GGCAAGCCCATAGTGG-1,20
GGCAAGGCGAAATAGC-1,7
GGCAATAGTCAATGAG-1,14
GGCACGCTGCTACAGT-1,9
GGCACTCCACTGGGCA-1,3
GGCACTGCGGTGGTTT-1,9
GGCAGCAAACCTATGC-1,19
GGCAGCGGTAATCCTA-1,6
GGCATACAGGTAGCGG-1,3
GGCATATCGGTTCTGC-1,15
GGCATCAACGAGCACG-1,15
GGCATTGAACATCTCA-1,11
GGCCAATTGTATAGAC-1,9
GGCCCAATCTAGAGGG-1,6
GGCCCAGCTGGTTTGC-1,9
GGCCCAGTTATCAGCA-1,6
GGCCCGGAGCATGTCT-1,1
GGCCCGTATACCATGC-1,6
GGCCCTCACCCACTTA-1,3
GGCCGAGACTCTGGTG-1,11
GGCCGCAGGAACCGCA-1,9
GGCCGGCGTCTGCTAT-1,9
GGCCGTTTGGGTTTCA-1,11
GGCCTGCTCTGATGTT-1,11
GGCCTGCTTCTCCCGA-1,2
GGCGAAATCTAACTTG-1,8
GGCGCAGGACATCTTC-1,3
GGCGCATGAATTGATG-1,3
GGCGCGGAGATCTTTC-1,9
GGCGCGTTCGAGTTTA-1,7
GGCGCTCCTCATCAAT-1,12
GGCGCTTCATTCCCTG-1,9
GGCGGAGTAATATTAG-1,3
GGCGGTAGGATCATTG-1,20
GGCGTACCCTATATAA-1,5
GGCGTAGGGAAAGCTG-1,9
GGCGTCCTATCCGCTG-1,3
GGCTAAAGGGCGGGTC-1,6
GGCTAATGATTGAAAT-1,6
GGCTACTATACACTCC-1,11
GGCTATTAAGTTGTAT-1,3
GGCTCCTCCACCTGTT-1,11
GGCTCGCGTTGAGGTA-1,6
GGCTCGTGCCACCAGC-1,12
GGCTCTGCTCCAACGC-1,14
GGCTGAAATAGCAAAG-1,7
GGCTGAGCATCGTAAG-1,6
GGCTGGCTAGCTTAAA-1,12
GGCTTTCAATAAGGGT-1,4
GGGAAAGAATGCCAAC-1,9
GGGAACGGGAGGTTAG-1,3
GGGAACGGTTTCAGAT-1,11
GGGAAGACGGTCTGTC-1,9
GGGAAGGGCTTTCTCA-1,9
GGGAATGAGCCCTCAC-1,6
GGGACAGAGTTACTCC-1,11
GGGACTGCATAGATAG-1,13
GGGAGAACTCACAGTA-1,13
GGGAGCGACCGTAGTG-1,9
GGGAGGATGCCCGAAA-1,3
GGGAGTAATGGCTGGC-1,12
GGGAGTTAATGAGGCG-1,13
GGGATCCCAATACAAA-1,6
GGGATGGTCGTAACCG-1,3
GGGATTTACCGCACCT-1,8
GGGCAACCGCACGTGC-1,11
GGGCACGTAGTACTGT-1,11
GGGCAGAGCAATCGTT-1,4
GGGCAGTCAACGCCAA-1,9
GGGCATGCATGTCGAG-1,11
GGGCCATTCGTGCTGG-1,11
GGGCCCGTCTTAAACA-1,3
GGGCCCTACGAAAGGG-1,16
GGGCCGGCCGAAGTAC-1,20
GGGCCTATTTAAGTAT-1,6
GGGCGATATGTGTGAA-1,13
GGGCGCAGCGTTACTC-1,1
GGGCGGGTTCCCTACG-1,3
GGGCGGTCCTATTGTC-1,12
GGGCGTACATTTATAT-1,12
GGGCGTCACCACGTAA-1,3
GGGCGTCCACTGGCTC-1,15
GGGCGTGGTTTCCCAG-1,4
GGGCGTTTACATTCAT-1,11
GGGCTCATCGAACCCA-1,6
GGGCTGCCTAGGGCGA-1,13
GGGCTGGTTAGTCGCG-1,3
GGGTAATGCTGTGTTT-1,12
GGGTACCCACGGTCCT-1,12
GGGTACTTCATGAACT-1,3
GGGTATGTATGCACTT-1,3
GGGTATTCTAGCAAAC-1,11
GGGTCACCGTGACGGT-1,3
GGGTCAGGAGCTAGAT-1,11
GGGTCATGCGTACCAT-1,20
GGGTCCTTGGAAGAAG-1,11
GGGTCGTGGCAAGTGT-1,6
GGGTCTATCGCTTTCC-1,18
GGGTGACACCTTAACT-1,3
GGGTGCATATGAAAGC-1,17
GGGTGGTCCAGCCTGT-1,5
GGGTGTTTCAGCTATG-1,15
GGGTTCAGACGAACAA-1,12
GGGTTTAGGATAGGAT-1,1
GGTAAACTCTGCGCTG-1,9
GGTAAATGTGCGTTAC-1,5
GGTAACCGGGAGGATA-1,11
GGTAACTATGTATCTG-1,12
GGTACAAACATGCTAT-1,3
GGTACACCAGATTTAT-1,6
GGTACATCTGGGACGA-1,16
GGTACCATTAAGACGG-1,17
GGTACGTTGCGGCCGG-1,9
GGTAGAAGACCGCCTG-1,4
GGTAGGCCAATATCAC-1,11
GGTAGTGCTCGCACCA-1,13
GGTATAGTGACACATA-1,1
GGTATTGCCGAGTTTA-1,3
GGTCAAGACTACTTCG-1,18
GGTCACGTTAGATTCA-1,12
GGTCAGTGGGTCCCAC-1,7
GGTCATTGTAGTCATA-1,6
GGTCGGATAAACGGCG-1,6
GGTCGGCCAGGAGCTT-1,14
GGTCGGTAATTAGACA-1,12
GGTCGTAAGCTCGCAC-1,10
GGTCTCCGTCCAGGTT-1,9
GGTCTCTGAATGGACT-1,16
GGTCTGAGAATCTGGA-1,14
GGTCTTGAGCGCTCTT-1,20
GGTGAAACCGGGAATG-1,15
GGTGAACGGGCTAGCC-1,12
GGTGAAGTACAGGGAT-1,3
GGTGAGATGCAGATAA-1,12
GGTGATAAGGAGCAGT-1,13
GGTGATTTCATCTTGT-1,12
GGTGCAGAGCCTATCG-1,6
GGTGCATAAATGATTA-1,11
GGTGCGGATAAGTGGC-1,12
GGTGCTGATCACAAAG-1,16
GGTGCTGGTACACATT-1,3
GGTGGACCACGTGTTA-1,6
GGTGGACTGCTCTGGC-1,9
GGTGTAAATCGATTGT-1,9
GGTGTAGGTAAGTAAA-1,11
GGTGTTCTGTTTCTAC-1,6
GGTTACCACCCTCGGG-1,3
GGTTACCCGACACTTT-1,17
GGTTAGCTATATGTCT-1,19
GGTTAGGCTTGGAGAA-1,3
GGTTAGTTACGGCGCC-1,16
GGTTCCCTAGTGTCTC-1,20
GGTTCGATGCTGAGTT-1,20
GGTTCGCATTTGCCGT-1,9
GGTTCTACTCGTCTGA-1,1
GGTTGTATCGTGAAAT-1,5
GGTTTAATTACCATCG-1,11
GGTTTAATTGAGCAGG-1,6
GGTTTACAATCTCAAT-1,14
GGTTTAGCCTTTCTTG-1,1
GGTTTCAATCGGTCAG-1,6
GGTTTGACAAGAAGCT-1,6
GGTTTGAGTGCTGGAA-1,12
GGTTTGCGAACACGTA-1,6
GGTTTGTGACCTGAGG-1,9
GTAACAACTGACCTTG-1,6
GTAACATCTAAGATAA-1,2
GTAACTGCCCAAGGAG-1,11
GTAACTTGCGGCAGTC-1,12
GTAAGCGGGCAGTCAG-1,14
GTAAGGATTTGTCGGA-1,5
GTAAGTAACAGTCTGG-1,8
GTAAGTAGGGTATACC-1,20
GTAAGTCCACACTCTA-1,17
GTAATAAAGGGCTCCC-1,17
GTACACTTACCTGAAG-1,13
GTACAGAGGCAAGGGT-1,20
GTACGACGGCGCTGCG-1,12
GTACGAGATTGCGACA-1,12
GTACGTCACGTATTAA-1,6
GTACGTTTGCCCGTCA-1,7
GTACTAAGATTTGGAG-1,13
GTACTCCCTTATCGCT-1,3
GTACTCCTGGGTATGC-1,6
GTACTGAGGTCGTAAC-1,12
GTACTGCATGAAGCGT-1,12
GTACTGGAGTTAGACC-1,13
GTACTTGGGCACTTCT-1,12
GTAGAAACGGGTGGAG-1,16
GTAGACAACCGATGAA-1,15
GTAGACACGCCTGACT-1,4
GTAGACGTCGTTACAT-1,12
GTAGAGGGAGACAAGT-1,16
GTAGCCAAACATGGGA-1,7
GTAGCGCTGTTGTAGT-1,15
GTAGCGGCTATACACT-1,13
GTAGCTAGTAAGCGCG-1,20
GTAGCTCCGGGAGGCT-1,11
GTAGCTTCCTCTTGTT-1,6
GTAGGTGATCCGTGTA-1,15
GTAGTCGCGGGAATCA-1,7
GTAGTCTACGATATTG-1,20
GTAGTGAGCAACCTCA-1,9
GTAGTTCGAAGGCGAA-1,11
GTATAATCTCCCGGAT-1,12
GTATAGGACTCAGTAG-1,12
GTATAGTGGCCCATGT-1,6
GTATATGTTACGGCGG-1,12
GTATCAAACGTTAGCT-1,9
GTATCAAGGTACTTCC-1,20
GTATCAGCTTGGGTTC-1,12
GTATCCTTTGGTAACC-1,9
GTATCGGGACGAGCTG-1,12
GTATCTCAGTCTTGAC-1,11
GTATCTCCCTAACTGT-1,5
GTATCTCGGGCGCTTT-1,11
GTATCTTGTTGCTCAC-1,20
GTATCTTTCATAACCA-1,7
GTATGAAATTTCACTC-1,10
GTATGACGTGGGAAAC-1,12
GTATGTGGGTCTAGTT-1,8
GTATTAAGGCGTCTAA-1,12
GTATTAGGGTTCGCGT-1,6
GTATTCTGAGAAACGA-1,3
GTATTCTTACCGTGCT-1,12
GTATTTAATGGCATAA-1,17
GTCAAAGAAGTGGTGT-1,20
GTCAAAGTTTACATAG-1,12
GTCAACCAGGCCTATA-1,9
GTCAAGCGGACTCGGG-1,13
GTCAATGCTATAATTT-1,6
GTCAATTGTACTGAAG-1,15
GTCACAAAGTTTCCAA-1,20
GTCACTCTCCAAATCT-1,12
GTCAGAATAGTCTATG-1,3
GTCAGTTGTGCTCGTT-1,5
GTCAGTTTGGTAGTCG-1,16
GTCATCTCCTACAGCT-1,12
GTCATGCACCTCCGTT-1,13
GTCATGCGCGAGGGCT-1,9
GTCATGGACATGACTA-1,14
GTCATTAGAGCGAACG-1,13
GTCCAATATTTAGCCT-1,11
GTCCAGGCACGTGTGC-1,11
GTCCATTACTGCTACG-1,1
GTCCCAACGTAAAGTA-1,13
GTCCCGCGACGTTATG-1,4
GTCCGGACCTGAAATT-1,9
GTCCGGCTGAATTGCG-1,13
GTCCGGGTTCACATTA-1,9
GTCCTACAGGCGGCTC-1,12
GTCCTACGAATAGTCT-1,9
GTCCTTCTAGTGGGTT-1,20
GTCCTTTAATGACTTC-1,6
GTCGAATTTGGGCGCT-1,11
GTCGCGTAACCCGTTG-1,13
GTCGGAAGGATACCAG-1,6
GTCGGATATCTCAGAC-1,3
GTCGGATGTAGCGCGC-1,15
GTCGGGAAGCAGAAAC-1,4
GTCGGGTGAAGTACCG-1,9
GTCGTACCATCTCGGG-1,7
GTCGTATTGGCGTACA-1,6
GTCGTCAATTATAAGG-1,12
GTCGTCTGGTTGGCTA-1,17
GTCGTGTCTGGTCATC-1,17
GTCTAGTGAGCCGCTT-1,9
GTCTATCTGAGTTTCT-1,3
GTCTATTGCATGCTCG-1,9
GTCTATTGGTTCCGGT-1,19
GTCTCAAGGCCCGGCT-1,4
GTCTCCCGAGTCCCGT-1,9
GTCTCCGCCTCAATAC-1,11
GTCTCCTGCCAGTATG-1,11
GTCTCGACTAAGTTTG-1,6
GTCTCGATCTGCTTTC-1,15
GTCTCGCCAACACGCC-1,5
GTCTGCCGACTCGACG-1,20
GTCTGGGCGGTCGAGA-1,3
GTCTTACCACGCCAAG-1,9
GTCTTAGTACAGCCGG-1,20
GTCTTGAGGAGCAGTG-1,1
GTCTTGTAGCTATTCA-1,20
GTGAAACGGCGCCACC-1,6
GTGAAACGTGCTCCAC-1,12
GTGAACTCCCATTCGA-1,17
GTGAAGATTTCAAGTG-1,6
GTGAAGCCGTATAGTC-1,6
GTGACAGCTTCCCACT-1,9
GTGACCGCACACTACG-1,8
GTGACGAGGGTGACCC-1,1
GTGACGCAGGTTTCAT-1,9
GTGACTTCAGTAGTGC-1,3
GTGAGATAACCTTATA-1,11
GTGAGCGTGCTGCACT-1,3
GTGAGGACACTTAAGG-1,7
GTGAGGAGCGGTTGAG-1,15
GTGAGTCGACTAATAG-1,9
GTGATCAAGCGTGCAC-1,11
GTGATCACTAACGCCT-1,17
GTGATCATAGATCTGC-1,3
GTGATCCTTGTCATGA-1,9
GTGATGCACAACATCT-1,6
GTGATTCGCCGCTCAA-1,3
GTGCAACAAATGTGGC-1,12
GTGCACCAGCTTCAAC-1,11
GTGCACGAAAGTGACT-1,20
GTGCCATCACACGGTG-1,3
GTGCCGCTTCAAAGGT-1,3
GTGCCTCAGTGTACGG-1,6
GTGCCTGAGACCAAAC-1,9
GTGCGAAATCGAACAC-1,3
GTGCGACAGGGAGTGT-1,1
GTGCGCAGCTTGCTCC-1,12
GTGCGGGACCATCGGC-1,20
GTGCGGGTCTCCAAAT-1,12
GTGCGTGTATATGAGC-1,8
GTGCTCAAGTACTGTC-1,3
GTGCTTACATCAGCGC-1,17
GTGGAACCTACATGCG-1,15
GTGGACCAACCCGATT-1,3
GTGGACGCATTTGTCC-1,4
GTGGACGTGCTGAGAC-1,12
GTGGAGCGTTTACCGA-1,11
GTGGCAAACAGCGGCA-1,10
GTGGCCGGTTTCTCGG-1,11
GTGGCGGGCCGTAGCT-1,5
GTGGCGGTCCCAGCGT-1,16
GTGGCTGTTTCTGTTC-1,9
GTGGGAACAAACCGGG-1,11
GTGGGAAGACTGAATC-1,16
GTGGGCTTAGACACAC-1,3
GTGGTCAGCGAAGTAT-1,6
GTGGTTACTTCTTTCG-1,17
GTGGTTTCCGCCTTTC-1,3
GTGTACCTTGGCTACG-1,14
GTGTATATCAGCGGGC-1,4
GTGTATGACTTTAAAG-1,15
GTGTCAGTGTACGTGG-1,11
GTGTCGTATAGCGTTC-1,4
GTGTCGTATTCACCTT-1,6
GTGTGAATAACTTAGG-1,20
GTGTTACTATGCGTCC-1,7
GTTAAAGTAGGACTGG-1,19
GTTAACATCACTTAAA-1,4
GTTAACTATGTTGTCA-1,1
GTTAAGGGTGCGATGT-1,4
GTTAAGTTAGAGTGGG-1,1
GTTACAATTGGTGACG-1,3
GTTACCTACAACTTGC-1,7
GTTACTTTGGGCCTAG-1,3
GTTAGAGTGTGCCGCT-1,5
GTTAGCCCATGACATC-1,9
GTTAGCCGTAAATCAA-1,17
GTTAGGCTACCCGTTT-1,10
GTTATAATACGGTGAA-1,18
GTTATATCAGGAGCCA-1,6
GTTATATTATCTCCCT-1,7
GTTATCAAGCTATCGA-1,9
GTTATCACCTTCTGAA-1,5
GTTATTAAATACGACC-1,15
GTTATTAACGTGGGAG-1,20
GTTCAATCTATGTCAA-1,15
GTTCACAGGAGTCTAG-1,3
GTTCAGTCGCCAAATG-1,11
GTTCATCGTTTGGCTG-1,1
GTTCCAAGACAGCGAC-1,12
GTTCCAGTCTGACCAT-1,12
GTTCCGTCCGCCTGCA-1,11
GTTCGACAATTGTATA-1,11
GTTCGCCATAAGTGCC-1,3
GTTCGCTGAGACGTCT-1,18
GTTCGGAGCACTCAAC-1,18
GTTCGGATCGGGAACA-1,1
GTTCGGGCGTACCATT-1,1
GTTCGTCTAAAGAACT-1,9
GTTCGTCTGGGTCCCT-1,6
GTTCTTCCCTCGATGT-1,12
GTTCTTGTAACTCAAT-1,11
GTTGAACCGGTTCCAT-1,3
GTTGAGTCCCGCCGGT-1,4
GTTGCACGGAGTTTCG-1,12
GTTGCGCTAACATTAC-1,17
GTTGCGGACGGTCAGG-1,17
GTTGGACCGCATCAGG-1,6
GTTGGATTCAGTGGCT-1,6
GTTGGATTGAGAACAC-1,6
GTTGGATTTGCGTTGG-1,3
GTTGGTCATGCTATCC-1,4
GTTGTAGATTTATGAG-1,11
GTTGTCGTGTTAGTTG-1,12
GTTGTTACATTGCGCT-1,6
GTTTACGTTCCATCTG-1,7
GTTTCAAACGAGTTGT-1,18
GTTTCATATCGTCGCT-1,3
GTTTCCTGGAGGGTGA-1,13
GTTTCTAGAGGCGCGG-1,9
GTTTCTGCAGTCTCCC-1,13
GTTTGACCAAATCCTA-1,13
GTTTGGCCCAAGTTAT-1,8
GTTTGGCCGCTCAGCG-1,12
GTTTGGCGTCAGGCAC-1,20
GTTTGGGCTTGTGAGC-1,7
GTTTGGGTTTCGCCCG-1,9
GTTTGGTGATCGGTGC-1,11
TAAACGTCGTCAATGA-1,12
TAAAGACAACCCTTTA-1,20
TAAAGAGCCCGAAACC-1,12
TAAAGCGGTATTTCCA-1,11
TAAAGCGTTAGGAGAA-1,6
TAAAGCTGCAATAGGG-1,6
TAAAGTGCACGTCTCG-1,11
TAAATCTTTACACCTC-1,6
TAAATGAATCCGTTTC-1,12
TAAATGCCGTCTCATG-1,6
TAAATTGTGGGTAAAG-1,11
TAAATTTAGTAACACC-1,11
TAACAAAGGGAGAAGC-1,12
TAACAATATTTGTTGC-1,16
TAACAGCGTTTGTGCT-1,11
TAACAGGTTCCCTTAG-1,11
TAACATACAATGTGGG-1,13
TAACATACACGCGATC-1,11
TAACCGCCCGCAGTGC-1,12
TAACCTACCGTCCGAG-1,17
TAACCTAGGGAGTCCA-1,18
TAACGCTTTGAGAGCG-1,16
TAACTATCGAAGGTCC-1,12
TAACTATTACGCCAAA-1,17
TAACTCATCCGCGCGG-1,3
TAACTCCATGGAGGCT-1,12
TAACTGAAATACGCCT-1,11
TAAGAGGGACAGGGAC-1,11
TAAGCAGGCGACACGC-1,16
TAAGCCCTTACGACCA-1,6
TAAGCGCGAATCAAAT-1,11
TAAGGAACTTGTGGGA-1,12
TAAGGCAACATAAGAT-1,14
TAAGGCCCGTCACCCT-1,4
TAAGGCTGAATCCCTC-1,1
TAAGGGCCTGTCCGAT-1,9
TAAGGGCTGGGAGAGG-1,16
TAAGTAAATGTGCCGC-1,6
TAAGTAACATCTTGAC-1,3
TAAGTCGCCGAGTATC-1,11
TAAGTTGCGACGTAGG-1,9
TAATAAACAAGGAGAT-1,15
TAATACACAGTAGTAT-1,12
TAATACTAGAACAGAC-1,9
TAATAGAACAGAGTTA-1,16
TAATAGGTCACCAGAA-1,11
TAATAGTGACGACCAG-1,15
TAATATTGAAATTCGC-1,12
TAATCGATCCGTACGT-1,6
TAATGAAAGACCCTTG-1,16
TAATTACGTCAGTAGA-1,9
TAATTAGATGGATATG-1,12
TAATTAGGACATCCGT-1,1
TAATTGCGCTGATTAC-1,11
TAATTGGAATCGGGAA-1,6
TACAACAGCGCATACA-1,9
TACAACGCACAACTCA-1,3
TACAAGCTGTTCACTG-1,5
TACAAGGGCTTCTTTA-1,9
TACAAGTCTCGTGCAT-1,3
TACACAGCCGTGGTGC-1,9
TACACCGTCGTTAGTC-1,6
TACACCTCTTCGAATC-1,9
TACAGAAACGGTGGGC-1,9
TACATAGGCATACACC-1,3
TACATCCCTATCCCTG-1,16
TACATTTCTAACGTGC-1,3
TACCAAATAGCCCAGA-1,4
TACCAATAAAGTACCA-1,4
TACCAGAAGTAGGTTC-1,3
TACCAGCTAGGTTTAA-1,15
TACCAGGAATCCCGTC-1,11
TACCGAATAATTGTAA-1,9
TACCGCGGACTTGCAG-1,6
TACCGGCTCACTGCCC-1,7
TACCGGTCGTTTCCAT-1,3
TACCGTAGGTTAACTA-1,4
TACCGTGCCTCGGACC-1,7
TACCTACTCCCAGTAT-1,4
TACCTCACGCTTGTAC-1,12
TACCTCAGTTGTCTGT-1,11
TACCTCCACACCAATG-1,11
TACCTGCTGCACTGTG-1,3
TACCTTAAGATTTCCC-1,16
TACGAACACGACTTCA-1,20
TACGACGCTTGCTGCG-1,3
TACGACTGCCTCTTAG-1,7
TACGAGAACTTCACGT-1,3
TACGATGTTGATCATC-1,3
TACGCAGTTCTTTCCT-1,3
TACGCCATATTCTAAT-1,3
TACGCCGAGGGTACCC-1,11
TACGCCTCCATTCCGA-1,4
TACGCTATAGAAACCT-1,1
TACGCTCCTAGAACTG-1,11
TACGCTCGGTATTGGA-1,18
TACGCTGCACGGTCGT-1,9
TACGCTGCTGTGTTAA-1,11
TACGGAAGCCAAACCA-1,9
TACGGCATGGACGCTA-1,18
TACGGGATGCTAGCAG-1,15
TACGGGTAATAACATA-1,9
TACGTAAAGCGGAGTG-1,9
TACGTACTAGTGCTGA-1,11
TACGTGCACTATGCTG-1,12
TACGTGGGCCCAGGGC-1,9
TACGTTTACCGGCAAT-1,3
TACTACGTGCAATGCG-1,9
TACTCCTCTAGTTGAC-1,11
TACTCGTTTGAATCAA-1,9
TACTCTCCGAACAAAT-1,15
TACTCTTACTTTACTG-1,2
TACTGCAATCAATTAC-1,6
TACTGGACAGCTCGGC-1,3
TACTGTTTCTCTGGTA-1,17
TACTTAAACATGTACA-1,9
TACTTTACTGAGCCGG-1,6
TACTTTCCGCACGCCA-1,20
TAGAAACCACTAAGTA-1,5
TAGAAAGGTGGCGCTA-1,14
TAGAATAGCCGATGAA-1,9
TAGAATTAAGGGCAAC-1,5
TAGACGAAACGCCAAT-1,4
TAGACGCCCGTACCGG-1,6
TAGACTACCTAGCGTT-1,1
TAGACTCAGTTGGCCT-1,11
TAGAGATCATGCAACT-1,16
TAGAGCTACGAAGAAC-1,12
TAGAGGGAGTTTATCT-1,11
TAGAGGTTCTACTTGT-1,9
TAGAGTCTAAGCGAAC-1,13
TAGAGTGTTCCGGGTA-1,9
TAGATCCGAAGTCGCA-1,5
TAGATGGTTCCTTACT-1,9
TAGATTCAAAGTGCGG-1,11
TAGATTCCTGGTTATT-1,3
TAGATTCTCTAGCAAA-1,9
TAGCAACCTGTCACAA-1,12
TAGCAGATACTTAGGG-1,9
TAGCAGTATGACTAAA-1,9
TAGCCATTTCAAAGTC-1,8
TAGCCGGCGGTCAGCG-1,20
TAGCGTCCCTCGATTG-1,17
TAGCGTCCGGTGTGGT-1,4
TAGCGTTGGGTCTTAC-1,13
TAGCTAAGTCCGGGAG-1,13
TAGCTAGTGATGATGG-1,11
TAGCTCAGATCCTAGT-1,6
TAGCTGATGTGAAGCG-1,16
TAGGAACAGCCTCCAG-1,15
TAGGAGGCTCGAGAAC-1,9
TAGGCATGTTACGCCA-1,15
TAGGCCTATATAGTCT-1,9
TAGGCGATGAGGTCTC-1,10
TAGGCGGCTGCAAAGA-1,11
TAGGCTAAAGTGGCAC-1,9
TAGGGAGCTTGGGATG-1,17
TAGGGTGTTTCAAGAG-1,12
TAGGTCCAAGTAAGGA-1,3
TAGGTCGCCGGAACTG-1,17
TAGGTGACGATAACCT-1,4
TAGGTGAGCCCTACTC-1,3
TAGGTGCTCGCCTAGC-1,8
TAGGTGTTCCACAGAT-1,4
TAGGTTCGAGTTCGTC-1,13
TAGGTTCTGCTGAGAA-1,11
TAGTACCACAACTTTC-1,11
TAGTACCTTAGTGGTC-1,12
TAGTAGCTTATACCAG-1,11
TAGTCCCGGAGACCAC-1,11
TAGTCCGCAGAGAATG-1,3
TAGTCCGTATGCATAA-1,12
TAGTCCTGCACTAAGC-1,11
TAGTCGATCACGGGTT-1,19
TAGTCTAACAACGAGA-1,3
TAGTCTGCGGCACATT-1,11
TAGTCTGTGACGTTGC-1,6
TAGTCTTTCCGAATTG-1,17
TAGTGCCCTCCAGAGT-1,3
TAGTGGAACTCATACA-1,15
TAGTGTCAGAAACGGC-1,12
TAGTTAAGATAGGATA-1,15
TAGTTTATTCTTGCTT-1,12
TATAAATCCACAAGCT-1,12
TATAAGTGAGGATAGC-1,12
TATACACGCAAAGTAT-1,12
TATACCGAGTGCCACA-1,17
TATACGCGTCATCACT-1,4
TATACTCATGCGGCAA-1,12
TATAGAGTCGCTTGAA-1,11
TATAGATGGTCGCAGT-1,1
TATAGGGTACTCATGA-1,3
TATAGTTAGGTGTACT-1,11
TATATAGGGCTTTACG-1,11
TATATATCGAGAAATG-1,11
TATATCAAAGTGATCT-1,11
TATATCCCTGGGAGGA-1,17
TATATTACAAATGTCG-1,6
TATATTCGCGTCGATA-1,5
TATCACAGCACGGGCA-1,5
TATCACCATGTAAAGT-1,6
TATCACCCAACCGACC-1,6
TATCACTTCGAGTAAC-1,6
TATCCAATTGGTTATC-1,4
TATCCATATCATGCGA-1,12
TATCCATCTCGGTTAG-1,11
TATCCGCACCGTCGGG-1,7
TATCCTATCAACTGGT-1,11
TATCCTGCATGGGAAT-1,12
TATCGATCTATGCATA-1,15
TATCGATGATTAAACG-1,12
TATCTACAGAGGTAAT-1,3
TATCTACCACAGCGGG-1,3
TATCTGAGCCGATATT-1,11
TATCTTGCAATACAAC-1,11
TATGAAGAATTAAGGT-1,9
TATGAAGACAGGTGCG-1,3
TATGATAAATCTAACG-1,5
TATGATCCGGCACGCC-1,20
TATGATCTTCTCTTTA-1,9
TATGATTCTGCTTGGT-1,12
TATGCTCCCTACTTAC-1,14
TATGGAGTTTCTCGTT-1,12
TATGGATGTGCTACGC-1,20
TATGGCCCGGCCTCGC-1,3
TATGGGACCGAGCAGG-1,3
TATGGGTACGTATCGT-1,13
TATGGTCTGAGTAACA-1,3
TATGGTTAGTGGGAGA-1,1
TATGTAAAGTGCTTAA-1,11
TATGTCAAGACCGACT-1,20
TATGTCTCATTGTGCC-1,14
TATTAACACCAAAGCA-1,10
TATTACCATCCTGCTT-1,17
TATTATGTTTGCCTGC-1,11
TATTCAATTCTAATCC-1,13
TATTCCGAGCTGTTAT-1,9
TATTCCGGCAGTCCTA-1,5
TATTCCTCCGCCCACT-1,16
TATTCGTGCCAGAATA-1,13
TATTGACATTTCTGCC-1,1
TATTGCCGGGCTTGTA-1,9
TATTTAGTCTAGATCG-1,12
TATTTATACCGAGTAG-1,15
TATTTGATTTGCACAG-1,19
TATTTGTTACCCTTTA-1,20
TCAAACAACCGCGTCG-1,14
TCAAACTTAGATTGTT-1,13
TCAAAGTCACGGCGTC-1,11
TCAAATTGTTGTGCCG-1,9
TCAAATTTGAGACTCA-1,4
TCAACAAAGATAATTC-1,16
TCAACACATTGGGTAA-1,12
TCAACATAGCGCCCTA-1,11
TCAACATCGACCGAGA-1,16
TCAACCATGTTCGGGC-1,20
TCAACGAGGAGACAAA-1,3
TCAACGCAGGAAATAA-1,16
TCAACGCGACCGGCAG-1,3
TCAACTAACGTATAAC-1,3
TCAACTGCAGAGTCAG-1,2
TCAAGAAATACTAGCT-1,1
TCAAGCGCGGACGGTA-1,2
TCAAGGTTACTACACC-1,17
TCAATACGCCGTCATG-1,4
TCAATATACAGGAGGC-1,9
TCAATCCGGGAAGTTT-1,9
TCACAAACCGAGGTAC-1,9
TCACAGATCCTCAAAC-1,12
TCACAGGTTATTGGGC-1,3
TCACATCTTATCTGAT-1,16
TCACCCTCTTAAGATT-1,3
TCACCGCTCGGCACTC-1,6
TCACGATGTCCGTGGA-1,16
TCACGCATTGTAGATC-1,3
TCACGGCCCAAGAGAG-1,11
TCACGGTCATCGCACA-1,12
TCACGTGCCCGATTCA-1,13
TCACTACGACCAATGC-1,6
TCACTATCCCTTCGGT-1,9
TCACTCGTGCAACGGC-1,6
TCAGAACCTCCACAGG-1,17
TCAGAACGGCGGTAAT-1,20
TCAGAGGACGCGTTAG-1,20
TCAGCAAATGCATCTC-1,14
TCAGCAGTAGGCCCTG-1,11
TCAGCCAATCCGTAAA-1,9
TCAGCGCACGCCGTTT-1,11
TCAGGGCGCAAACTCG-1,20
TCAGGGTGCACGAAAC-1,15
TCAGGGTGTAACGTAA-1,14
TCAGGTTCTTTGAGAA-1,3
TCAGTACTGACCCGCG-1,16
TCAGTAGGGACTATAA-1,3
TCAGTGTATACGTCAT-1,11
TCAGTTACGGAATGAT-1,5
TCATACTTACAGATCC-1,12
TCATATGAGCTTTGTT-1,4
TCATCACTCGAGCTCG-1,12
TCATCCCAGAGGGTGG-1,15
TCATCCTCAGCTGCTT-1,9
TCATCGATGGTCCCAA-1,11
TCATGCAGGTTCTCAT-1,15
TCATTCGTATAATTTG-1,6
TCATTTAAGTCTCCGA-1,17
TCATTTAGAAGTGTGA-1,18
TCCAACTCAGCTATCT-1,9
TCCAACTTTAAATTCT-1,3
TCCAAGCCTAGACACA-1,9
TCCAATAAAGGCTACC-1,11
TCCACAATGGTTTACG-1,3
TCCACATCGTATATTG-1,9
TCCACCAAGACATAGG-1,9
TCCACCTCTAGCCTTT-1,20
TCCACTTTATCTAGGT-1,14
TCCAGAGCACCGGTTC-1,13
TCCAGATGTACGCCAA-1,6
TCCAGCGCTATAAGCG-1,20
TCCAGGCAGGACGATC-1,11
TCCAGGCGAGTACGGT-1,13
TCCAGGGTATATACGA-1,4
TCCATCAATACTAATC-1,11
TCCATTAGTTGGATAG-1,12
TCCATTGTGACCTCGT-1,5
TCCCAAACAGACAACG-1,6
TCCCAAAGACGAAGGA-1,14
TCCCAAAGCCCTAAAT-1,1
TCCCACTCTCTTCCGG-1,17
TCCCAGCTTTAGTCTG-1,3
TCCCAGGCTTAGCTAA-1,3
TCCCGCCTATGTGCGT-1,17
TCCCGCGTACTCCTGG-1,14
TCCCGGGTGTGCTGCT-1,3
TCCCGGTCAGGAATTT-1,12
TCCCGTCAGTCCCGCA-1,14
TCCCGTCGCGTCATAG-1,17
TCCCTAGATCAATAGG-1,17
TCCCTCTTCTCAAGGG-1,18
TCCCTGGCGTATTAAC-1,11
TCCCTGGCTCGCTGGA-1,3
TCCCTTAGATTACTCG-1,15
TCCCTTGTCTGAAACT-1,9
TCCGAACTTGGCTTAC-1,20
TCCGAAGTAGTCACCA-1,6
TCCGAATGGTCCTGAG-1,17
TCCGACCGCTAATCAA-1,11
TCCGAGAAGGCTAAGC-1,15
TCCGATAATTGCCATA-1,12
TCCGATGACTGAGCTC-1,15
TCCGATGGTGCGACAT-1,12
TCCGATTACATTGCCG-1,3
TCCGCCTGTCTACAAG-1,4
TCCGCGGCAGCATCTG-1,13
TCCGCGGCCCAATGAA-1,9
TCCGCTGTCATCCCGG-1,20
TCCGGAGGAAGGGCTG-1,6
TCCGGCCTAGCGTACA-1,6
TCCGGCCTGCATCGAT-1,15
TCCGGGCTTGACGGGA-1,9
TCCGTAACCACAATCC-1,12
TCCGTTAAGCTAATAT-1,9
TCCGTTTAGCCTTGAA-1,14
TCCTAAAGATTCAGAC-1,9
TCCTAAATTGGGAAGC-1,4
TCCTAACCGTCGGGCA-1,11
TCCTAGCAAAGAAGCT-1,3
TCCTATCATAGGTAAC-1,17
TCCTCCTAAGACATTC-1,16
TCCTCGGGCTGGGCTT-1,13
TCCTCTACGAGATGGC-1,16
TCCTCTCCAGTTGTCC-1,3
TCCTCTGGCCCATTAG-1,15
TCCTGCCAACTGGAGA-1,15
TCCTGCGTTGATACTC-1,3
TCCTGGCGCTGCCTGG-1,6
TCCTTACGACGGTCCG-1,19
TCCTTCAGTGGTCGAA-1,15
TCCTTGTCCTTTAATT-1,9
TCCTTTAAATCCGCTT-1,9
TCCTTTCTTACGCTTA-1,13
TCGAAATTTAGGACCA-1,13
TCGAAGAACCGAGCAC-1,1
TCGAATATCCCGCAGG-1,11
TCGACAACTGAACCCG-1,11
TCGACTGACGATGGCT-1,9
TCGAGACCAACACCGT-1,3
TCGAGCCAGGCAGGCC-1,11
TCGAGGGCAACAGACG-1,18
TCGATAGGCTAGTCGC-1,12
TCGCACCAGGAGGCAG-1,19
TCGCATAAAGGGCGCA-1,18
TCGCATCCCTAAGTGT-1,12
TCGCATTCAATGACTT-1,12
TCGCCCAACTGACTCC-1,6
TCGCCGAAGTTGCGTC-1,3
TCGCCGACATATTCGC-1,9
TCGCCGGTCGATCCGT-1,12
TCGCCTCCTTCGGCTC-1,20
TCGCGCGTTTACATGA-1,20
TCGCGTAGCAGTGTCC-1,9
TCGCGTCCAGAAGGTC-1,3
TCGCTAAACCGCTATC-1,15
TCGCTACTGGCTTTGA-1,9
TCGCTCGATATATTCC-1,20
TCGCTCGGCACCAGCG-1,6
TCGCTGCCAATGCTGT-1,9
TCGCTGGGCGGATTGT-1,14
TCGCTGTGCGTAAATC-1,12
TCGCTTAATTACGAAG-1,6
TCGCTTTAAACGTTTG-1,20
TCGGAATGACCATCAA-1,5
TCGGAATGCGCTCTGA-1,3
TCGGACGCCCAGCCCA-1,13
TCGGAGAGTATCGGGA-1,16
TCGGAGTACATGAGTA-1,14
TCGGCGAACCCAAACC-1,17
TCGGCGTACTGCACAA-1,10
TCGGCTAACTTCCCTT-1,5
TCGGCTTGTATCGACG-1,9
TCGGGAACGTGCCTAG-1,17
TCGGGAGACAGCGTAC-1,4
TCGGGATTCAAACATA-1,16
TCGGGCCGTCGTGGTA-1,8
TCGGGTGAAACTGCTA-1,12
TCGGTCCCGACAATAG-1,11
TCGGTCCCTGACTCCA-1,15
TCGGTGACCGCTCCGG-1,6
TCGGTTAGCCATGTAG-1,6
TCGTAAGACGACATTG-1,14
TCGTAAGCTCCGAGGA-1,6
TCGTACCGACGTCAAG-1,11
TCGTATAGTGCAATTA-1,12
TCGTATTACCCATTGC-1,3
TCGTATTTCGTCCGGA-1,5
TCGTCAAGTACGCGCA-1,11
TCGTCACACTGTTAGC-1,16
TCGTCCGCTGGCGTCT-1,12
TCGTCCGGGTACACTC-1,6
TCGTCTTAGGCGTTAA-1,9
TCGTGTATTGGTCACG-1,19
TCGTGTCACGCTGACA-1,16
TCGTGTTCGACCACAA-1,2
TCGTTCGTTATTATGT-1,15
TCGTTGGCTCGTCAAT-1,12
TCGTTTACGCGACCCT-1,9
TCTAAAGAACAGTCTC-1,10
TCTAACCTAGCCTGCG-1,9
TCTAATACTGCCTCAG-1,11
TCTACACGTTCATGCA-1,6
TCTACCCAATAGAGAG-1,2
TCTACCCGCATCATTT-1,9
TCTACCGTCCACAAGC-1,14
TCTACGGGCTCAGTTG-1,6
TCTAGCAATCTCCGCC-1,3
TCTAGCATCTTCGATG-1,12
TCTAGCATGCCCAGAA-1,7
TCTAGGTGGCGACGCT-1,6
TCTAGTGATATCGTGG-1,1
TCTAGTTATCAGAAGA-1,3
TCTATAGGTGGGTAAT-1,9
TCTATCATGCAGTTAC-1,12
TCTATCCGATTGCACA-1,20
TCTATCGGTCGCAACA-1,14
TCTATGCTATAACGAC-1,9
TCTATTACGCTGGCGA-1,12
TCTATTACTAGAGGAT-1,16
TCTCAAATCAATCGGG-1,9
TCTCAGGCTACTCGCT-1,9
TCTCATGAGATAGGGT-1,19
TCTCCAACGTAGGTTA-1,15
TCTCCACAAGTTGAAT-1,9
TCTCCCTGGGCAGCGT-1,4
TCTCGAACGAGGTCAC-1,6
TCTCGACGTATCGCCG-1,17
TCTCGAGGAGGTTCGC-1,19
TCTCGGCTCCAGGACT-1,12
TCTCTAATAGCTGGTA-1,12
TCTCTCGCCGCACATA-1,18
TCTCTTACCGCGAACC-1,11
TCTGAACCGGTCGGCT-1,12
TCTGAACTCGTACCCG-1,17
TCTGAAGCACGTGGTC-1,4
TCTGAATTCCGTACAA-1,6
TCTGACGGGCTAACCC-1,17
TCTGACTGTAATGGTT-1,12
TCTGAGCAATTGACTG-1,18
TCTGATCGGGTGCTAG-1,1
TCTGATGTATTCTGTC-1,19
TCTGCATACCTTGCTT-1,9
TCTGCCAGAAACTGCA-1,8
TCTGCGAATCGTTCGC-1,6
TCTGCGTCCGGTTTCT-1,12
TCTGGGAACCTTTGAA-1,1
TCTGGGTAGCGCTCAT-1,3
TCTGTCATACAAGAGC-1,12
TCTGTGATGGAGGTTG-1,6
TCTGTGCCATCATAGT-1,14
TCTGTTACCCAGCATA-1,16
TCTTACAGAGGTACCG-1,12
TCTTACCGGAACTCGT-1,20
TCTTACGGCATCCGAC-1,16
TCTTACTTATGCCTCT-1,17
TCTTAGAGCTCCAATT-1,1
TCTTAGAGTGAACTCT-1,1
TCTTATGGGTAGTACC-1,20
TCTTCCCATGGGCACA-1,6
TCTTCGAATAGACGTT-1,13
TCTTCGATACCAATAA-1,13
TCTTCGCGGTGAGAGG-1,2
TCTTCTATAACCCGCC-1,20
TCTTGATGCGTAGCGA-1,13
TCTTGCTCCCGATACT-1,20
TCTTGGTAACACCAAA-1,20
TCTTTAAGACTATGAA-1,17
TCTTTAGAGTCTAACA-1,17
TCTTTAGCAGGCGAAC-1,1
TCTTTCTCTTAAGGAG-1,5
TGAAACTTATGCAAGC-1,5
TGAAAGGACCTGACTC-1,13
TGAACAAGCAGGGACT-1,11
TGAATACCGACGCGTA-1,9
TGAATATGCTATAAAC-1,6
TGAATGAGTGTTTCCC-1,11
TGAATGTCAGCCGGCC-1,17
TGACACTTCTCTTTGC-1,6
TGACATCGAGCGGACC-1,1
TGACATGTAACGTGAC-1,20
TGACCAAATCTTAAAC-1,20
TGACCAGCTTCAAAGT-1,6
TGACCCACGTTAGACA-1,3
TGACGAATATTTCCCT-1,16
TGACGATGCACTAGAA-1,20
TGACTATAATCCTTTC-1,7
TGACTCCGAATCATAC-1,11
TGAGAATGCTTTACCG-1,12
TGAGAGATTTACCACG-1,8
TGAGATCAAATACTCA-1,5
TGAGATTAGGCCCTAA-1,6
TGAGCCATACAGTCTC-1,3
TGAGCGGAAAGTGTTC-1,4
TGAGCTTTAATGACGC-1,15
TGAGGAGTGCCAGCTT-1,4
TGAGGTGTGTGGCGGA-1,11
TGAGTAAATTAGCGTA-1,7
TGAGTGCCTCTTAAAT-1,3
TGAGTGGTCCGTGACG-1,14
TGAGTGTAACAACGGG-1,9
TGAGTTAAAGACATTC-1,17
TGATAGCGGGATTCTA-1,16
TGATCACCACACTGAC-1,11
TGATCAGGGAACTGCT-1,20
TGATCCCAGCATTAGT-1,17
TGATCGGTTTGACCCT-1,13
TGATCTACGCTGATCT-1,6
TGATCTATCACACTCT-1,9
TGATCTCCGGCGCCAG-1,13
TGATGGCTGTTTCTGA-1,17
TGATGTCAATTAAGTG-1,18
TGATTATGGCACGCAG-1,6
TGATTCCCGGTTACCT-1,11
TGATTCGTCTATCACT-1,3
TGATTCTGTCGCCGGT-1,3
TGATTTATTAGCTGTG-1,3
TGATTTCCTCCTGACG-1,12
TGCAAAGTTCGTCTGT-1,11
TGCAACCCATCTGCGG-1,9
TGCAACTACTGGTTGA-1,9
TGCAAGAATGACGTAA-1,13
TGCAATCTAACACGGT-1,9
TGCAATTTGGGCACGG-1,6
TGCACAGTGAAGTTAT-1,6
TGCACGAGTCGGCAGC-1,5
TGCAGAACTATATCGT-1,16
TGCAGAGTACCGAGCA-1,3
TGCAGATCGTCCTAGG-1,16
TGCAGCTACGTACTTC-1,16
TGCAGGATCGGCAAAG-1,14
TGCAGTGAGGCTCGGG-1,6
TGCAGTGGTAGGGAAC-1,11
TGCAGTTTCCTCCCAT-1,8
TGCATATGTCTGTCAC-1,6
TGCATGGATCGGATCT-1,14
TGCATGTGACCCATAG-1,11
TGCATGTGGTAATCTA-1,14
TGCCAAAGTCAGACTT-1,16
TGCCACCTGGCGAAAC-1,15
TGCCAGTACGTGGAGA-1,7
TGCCATTACTAAAGAA-1,15
TGCCCGATAGTTAGAA-1,9
TGCCGAAAGCGTATTC-1,1
TGCCGGATGTACGAGC-1,11
TGCCGTGGATCGTCCT-1,4
TGCCGTGGGACCCAAT-1,20
TGCCTAATTGAAGATT-1,20
TGCCTGACATCGGTCA-1,12
TGCCTGATCAAACGAT-1,14
TGCCTTGGCCAGGCAA-1,19
TGCGAATATGGGATTT-1,16
TGCGACACCCTAGTGC-1,3
TGCGACGGCCGAACGT-1,11
TGCGAGAATATTACCC-1,16
TGCGAGATGGCGGCCA-1,6
TGCGAGCCCTTCCGCG-1,6
TGCGCAAAGCATTTGG-1,13
TGCGCGATTAACGGAG-1,13
TGCGGACTTGACTCCG-1,9
TGCGGAGTAAAGGTGC-1,14
TGCGGCATAGTTCAAC-1,12
TGCGGGTATTGGGATC-1,5
TGCGGTGAAATTTCAT-1,15
TGCGTAAGAACCTGAT-1,3
TGCGTACGGCTAATTG-1,9
TGCGTCATGACTGAGC-1,10
TGCGTGATTGGGTGTC-1,12
TGCGTTTGTTGACACT-1,8
TGCTAAGTGTCTATTT-1,9
TGCTATACAAACGGAC-1,5
TGCTATGGCAAAGGGA-1,11
TGCTCCACAGTTCTTA-1,17
TGCTCGGCGAAACCCA-1,4
TGCTCGGTGGGTCACC-1,9
TGCTCTTGAGAGTTTG-1,20
TGCTGGTTGGACAATT-1,12
TGCTGTTGAAGAACTC-1,13
TGCTTAGAGAGAATGC-1,11
TGCTTCCCAAGCAGTA-1,4
TGCTTGAAACCATGCA-1,12
TGGAAACGGAGTGAAC-1,12
TGGAACCACTGACACA-1,6
TGGAAGAAGGGAACGT-1,3
TGGAAGACGAACACCA-1,12
TGGAAGGATAAAGATG-1,14
TGGAATATCCTTGACC-1,6
TGGAATTAGACGCTTT-1,16
TGGACCAATCTAAGAT-1,4
TGGACCACGGCGTTGA-1,12
TGGACGCAATCCAGCC-1,11
TGGACTGTTCGCTCAA-1,13
TGGAGAATAATCGTCC-1,11
TGGAGCTAAAGTTCCC-1,5
TGGAGGGAAACACCTC-1,6
TGGAGTGATGCGATGA-1,3
TGGATAGAGTAACAGA-1,12
TGGCAAACTAAATTAC-1,7
TGGCAACTCGCGCGCC-1,15
TGGCAAGCACAAGTCG-1,11
TGGCAATGGGACGGCG-1,18
TGGCACGAGCTCGAGT-1,6
TGGCAGATTACGATCA-1,3
TGGCAGCAGTAATAGT-1,3
TGGCATGAAGTTTGGG-1,11
TGGCCAAACTGAAGTA-1,14
TGGCCAATTTGGTACT-1,10
TGGCCGTATATTGACC-1,13
TGGCGGTGTGCGATTG-1,12
TGGCTACACTCTACCT-1,9
TGGCTATGTGACATAC-1,4
TGGCTCTTGTCGCGTA-1,16
TGGCTTGTACAAGCTT-1,6
TGGCTTTGGGTAGACA-1,12
TGGGAAATGCCTTTCC-1,12
TGGGATGCACTCATTC-1,6
TGGGCAATAGTTGGGT-1,17
TGGGCACAAACAGAAC-1,12
TGGGCACGTTCTATGG-1,15
TGGGCAGGCCACCGCA-1,19
TGGGCCACAAGAGCGC-1,14
TGGGCCCATACTAATT-1,19
TGGGCGATACAATAAG-1,20
TGGGTAAGGTTCCCGC-1,15
TGGGTGCACAAGCCAT-1,9
TGGGTGGGATGTCATT-1,6
TGGGTGTAATAGATTT-1,9
TGGGTGTTAAGTAGAA-1,20
TGGGTTTCGGGCGTAC-1,11
TGGTAAGCAGGATTGA-1,16
TGGTAGAATATATGGG-1,17
TGGTATCGCATCCCAA-1,5
TGGTATCGGTCTGTAT-1,5
TGGTCCCACGCTACGG-1,4
TGGTCTGTTGGGCGTA-1,3
TGGTGATCGTATTTGT-1,16
TGGTGCCCTGCCTTAC-1,11
TGGTTAAGGGCGCTGG-1,6
TGGTTCAACGGGTAAT-1,7
TGGTTCGTAGCAAAGG-1,12
TGGTTGGAGGATCCTG-1,15
TGGTTTAAACGTGGGT-1,6
TGTACCTACACGAGGG-1,9
TGTACGAACAAATCCG-1,3
TGTACTACTCTCACGG-1,6
TGTACTTCCGGGCATG-1,9
TGTAGCCAATTCCGTT-1,9
TGTAGCCATCCCATTC-1,18
TGTAGGAGAAATTTCC-1,6
TGTAGTGATCTATAAT-1,3
TGTATAACAGATCCTG-1,14
TGTATCAGACTGAAGC-1,6
TGTATCCTTATTCCAT-1,12
TGTATGGCGCAGACAG-1,17
TGTATTTACCTAATGC-1,6
TGTCATTTGTTGGGAA-1,6
TGTCCACGGCTCAACT-1,9
TGTCCCGACATAGCAC-1,12
TGTCCGCAAACAATTC-1,11
TGTCCGTGGCGCCTTT-1,16
TGTCCTAAGTCACCGC-1,3
TGTCGGCATGGTGGAA-1,12
TGTCGTGGGTATAGGC-1,11
TGTCGTTATCACATAT-1,11
TGTCTACAGTTTCTGT-1,12
TGTGACTACGCCAGTC-1,14
TGTGACTAGAGTTTGC-1,9
TGTGAGACTAGCCCAA-1,4
TGTGCCGGTGCCGGAA-1,9
TGTGCTTTACGTAAGA-1,16
TGTGGAGGAAGCTTAA-1,5
TGTGGCAAAGCGTATG-1,14
TGTGGCGGGCTTCTGG-1,4
TGTGGCTCCCACCAAC-1,17
TGTGGTTGCTAAAGCT-1,11
TGTGTAGTAGCACGTG-1,2
TGTGTCGCGAGTTGCA-1,12
TGTGTTCGTATCCAAG-1,3
TGTTATTGTATGTGGC-1,8
TGTTCCGCTTCCATGA-1,3
TGTTCCGGCCTGAGCT-1,9
TGTTCTCTACTCCCTA-1,6
TGTTCTTCCATTGACT-1,3
TGTTGTCAAGAAGTCT-1,15
TGTTTAATACTTCATC-1,5
TGTTTCGGTACTTCTC-1,12
TGTTTGAGATCGTCAG-1,17
TTAAACAGAGTCCCGC-1,12
TTAAACCGGTAGCGAC-1,12
TTAAACCTGGTTCCTT-1,16
TTAAACTCGAATTCAT-1,6
TTAAAGGCGATGCTCG-1,11
TTAAAGTAAGTCGCCA-1,9
TTAACACCTCGAACAT-1,16
TTAACCAACCCTCCCT-1,12
TTAACGAACAAGCAGT-1,6
TTAACGTCGCAAGACC-1,12
TTAACTCACGCGTGGA-1,16
TTAACTTCAGGTAGGA-1,16
TTAAGACGAACGAACC-1,6
TTAAGATAGGATTGAC-1,1
TTAAGCCGACAACTTC-1,15
TTAAGCGCCTGACCCA-1,3
TTAAGGATACGGAGGT-1,12
TTAAGGCCCGTACTTT-1,11
TTAAGTATTGTTATCC-1,9
TTAATCAGTACGTCAG-1,15
TTAATGCGAGGTAACT-1,5
TTAATGTAGACCAGGT-1,14
TTAATTGCTTTGGGTG-1,4
TTAATTTCAGACGCGG-1,20
TTACAACTACGCATCC-1,12
TTACACGATCTGCGAC-1,18
TTACAGACCTAAATGA-1,6
TTACATCGTGGCCTGG-1,12
TTACATGCCACAACTA-1,1
TTACCATTGATTACCC-1,3
TTACCCATTGCCGGGT-1,15
TTACCCTAACAGTCCT-1,16
TTACCCTAGGGATTGG-1,4
TTACCGCCTTAGGGAA-1,12
TTACGGATGGTTCGAG-1,6
TTACGTATCTATGACA-1,18
TTACTAAAGGACTTTA-1,7
TTACTCCGGCCGGGAA-1,13
TTACTCTGGTACGTAC-1,3
TTACTGGGATATTTCA-1,3
TTACTGTCTAGAGCTC-1,6
TTACTGTTTCTCTACG-1,5
TTAGAAGAACATGACT-1,7
TTAGAATAAGGGTCGG-1,11
TTAGACACGATCGTTG-1,15
TTAGACGAGTCACCTC-1,7
TTAGAGTTTAGAAGGA-1,19
TTAGATAGGTCGATAC-1,12
TTAGCAACATGGATGT-1,12
TTAGCTAATACGATCT-1,6
TTAGCTGATTTGCCGT-1,8
TTAGGTCATAACCGAC-1,11
TTAGTAAACCTGCTCT-1,9
TTAGTAGGGCGGCGGG-1,3
TTAGTTATTCGTGGCA-1,19
TTAGTTCAAGTGTTCG-1,6
TTATAGATGCACATTA-1,15
TTATAGGTAATTGTCT-1,4
TTATAGTCCAAGGTGC-1,6
TTATATACGCTGTCAC-1,13
TTATATTTGGCAATCC-1,14
TTATCCAATCGAACTC-1,12
TTATCCGGGATCTATA-1,9
TTATCCTCAAGGAATA-1,10
TTATCGCCTGCGAAGC-1,16
TTATCTGTATCATAAC-1,12
TTATGAATGAAAGGGA-1,13
TTATGACAAACTGGAT-1,16
TTATGATCTTAACGAA-1,20
TTATGCGTCCCGGTCC-1,12
TTATGTTTGCGATAGA-1,16
TTATTAGGGAAGCATC-1,12
TTCAAAGTCTCTAGCC-1,13
TTCAACGACCCGACCG-1,12
TTCAAGCCGAGCTGAG-1,15
TTCAATTAGCCATAAT-1,5
TTCACGAAAGGATCAC-1,3
TTCACTCGAGCACCTA-1,4
TTCACTTCCTAGAACG-1,11
TTCAGAGTAACCTGAC-1,12
TTCAGCCCTGGTCCAC-1,19
TTCAGCTGGCGTGCCC-1,9
TTCAGGCGTCAAAGCC-1,16
TTCAGTTCAAGAGGAG-1,11
TTCATAGCCTTGTAAC-1,12
TTCATGGCGCAACAGG-1,15
TTCCAATCAGAGCTAG-1,6
TTCCAATCTGGCTATC-1,3
TTCCAGACGAGATTTA-1,1
TTCCATCATGCGGTGA-1,6
TTCCATCGACAGCGTG-1,18
TTCCCGGCGCCAATAG-1,10
TTCCGCAGAGAAATAT-1,6
TTCCGCGTGAGGCGAT-1,7
TTCCGGCTCGACTTCT-1,6
TTCCGGTATCTGTGTC-1,1
TTCCGGTTACCCACTT-1,8
TTCCTCGAGGGTGTCT-1,12
TTCCTCGGACTAACCA-1,19
TTCCTTTCTGTGTTGC-1,12
TTCGACAGAGCCCGTG-1,7
TTCGACGGGAAGGGCG-1,13
TTCGAGCCGGCGCTAC-1,6
TTCGCACTCGCGTGCT-1,13
TTCGCACTGTACGACA-1,4
TTCGCATCCGGAAGCA-1,12
TTCGCGCGCCATACGA-1,11
TTCGCTAGGAAGTTGT-1,17
TTCGCTATCTGACGTG-1,6
TTCGGACTGATGCCTT-1,6
TTCGGCAACCCGCTGA-1,15
TTCGGCTAGAGATGGT-1,12
TTCGGGACTAATCGCG-1,13
TTCGGGTTGCCACGGG-1,2
TTCGGTACTGTAGAGG-1,20
TTCGTAATCCCAGCGG-1,15
TTCGTACTCCAGAACG-1,3
TTCGTTCAACGAAGTT-1,6
TTCTAACCGAAGCTTA-1,6
TTCTACCTCAATCGGT-1,11
TTCTACCTTTATGTTG-1,15
TTCTACTTGCGAGGGC-1,12
TTCTAGAAAGTCTTAT-1,11
TTCTAGGCCAATTGTG-1,12
TTCTATGCCTTTCGCA-1,17
TTCTATTAAACGCAGC-1,11
TTCTCAATTGCTACAA-1,11
TTCTGACCGGGCTCAA-1,9
TTCTGCCGCGCCTAGA-1,7
TTCTGCGGGTTAGCGG-1,8
TTCTGCTAGACTCCAA-1,17
TTCTTAGTGAACGGTG-1,12
TTCTTAGTGGCTCAGA-1,12
TTCTTATCCGCTGGGT-1,20
TTCTTCCCTTTGATAT-1,5
TTCTTGAGCCGCGCTA-1,3
TTCTTGCTAGCATCTC-1,1
TTCTTGGACGATCTGC-1,16
TTCTTGGAGTAATGAG-1,15
TTCTTGTAACCTAATG-1,12
TTCTTTGGTCGCGACG-1,6
TTGAAAGGTGTAAAGG-1,6
TTGAACGAATCCTTTG-1,12
TTGAACGACGTGCTGA-1,9
TTGAAGAATTCCCAGG-1,3
TTGAAGGATGGGCGCC-1,11
TTGAATATGGACTTTC-1,13
TTGAATCGTTGTATAA-1,10
TTGAATTCACGTGAGG-1,1
TTGACAGGAGCTCCCG-1,17
TTGACATGAACGTGGA-1,3
TTGACCAGGAACAACT-1,9
TTGACCATGTTCTCCG-1,15
TTGACCGTGTTAATGA-1,16
TTGACGATTCAGCACG-1,12
TTGACGCTCCATGAGC-1,1
TTGACTACCATATGGT-1,3
TTGACTATTGTCCGGC-1,17
TTGAGAAGTTTAGCAT-1,9
TTGAGAGTACTGCTAA-1,3
TTGAGCAGCCCACGGT-1,17
TTGAGCGCCACGTGAT-1,1
TTGAGGCATTTAACTC-1,6
TTGAGTCCCGCTGCTG-1,1
TTGATAGTCAATACAT-1,17
TTGATCTAACTTTGTC-1,13
TTGATGCCGCTCGTCG-1,11
TTGATGTGTAGTCCCG-1,6
TTGATTAGCTGTTTCT-1,3
TTGATTATGCAGATGA-1,16
TTGCAAGAAGACTCCT-1,9
TTGCACAATTCAGAAA-1,3
TTGCACGGAGCAGCAC-1,12
TTGCATGCTGATCACG-1,3
TTGCCAAGCAGAACCC-1,17
TTGCCATAGCCCGCTC-1,16
TTGCCCTGATCACGGG-1,3
TTGCCGCAGACCTACA-1,11
TTGCCGCTTTCTAGTA-1,4
TTGCCGGTGATCCCTC-1,6
TTGCCTAATCCAAAGT-1,11
TTGCCTTCTCGCCGGG-1,9
TTGCGCACAACCACGT-1,20
TTGCGCTTGATCAATA-1,9
TTGCGGCGACTCATGC-1,5
TTGCGTAGTTTGAGGA-1,16
TTGCGTGAACGCTTAG-1,6
TTGCGTGTGTAGGCAT-1,9
TTGCTCATAGTACGTG-1,9
TTGCTCCCATACCGGA-1,14
TTGCTGAAGGAACCAC-1,12
TTGCTGATCATGTTCG-1,20
TTGCTGCACCTATCCA-1,20
TTGCTGGCCGGGCTTC-1,5
TTGGAAGAATACAGTC-1,20
TTGGACATGTGGCTTA-1,3
TTGGACCATCTGGCAA-1,19
TTGGACCTATAACAGT-1,9
TTGGAGTCTCCCTTCT-1,12
TTGGATATCGTCTACG-1,3
TTGGATCGACTTCTGG-1,15
TTGGATTGGGTACCAC-1,12
TTGGCCAAATTGTATC-1,11
TTGGCCATCTTGCGCT-1,12
TTGGCCTAGAATTTCG-1,15
TTGGCGATCCGAATAT-1,1
TTGGCTCAATATGTGT-1,18
TTGGCTCGCATGAGAC-1,12
TTGGGAAGACGAGCCG-1,20
TTGGGACACTGCCCGC-1,14
TTGGGACGTAAGAGTT-1,19
TTGGGCGGCGGTTGCC-1,14
TTGGTATGGCTTGTGT-1,1
TTGGTCACACTCGTAA-1,3
TTGGTTGCGGTGCGCG-1,16
TTGTAAGGACCTAAGT-1,3
TTGTAAGGCCAGTTGG-1,14
TTGTAATCCGTACTCG-1,3
TTGTATCACACAGAAT-1,15
TTGTCGTTCAGTTACC-1,12
TTGTGAACCTAATCCG-1,9
TTGTGAGGCATGACGC-1,16
TTGTGATCTGTTCAGT-1,9
TTGTGCAGCCACGTCA-1,4
TTGTGGCCCTGACAGT-1,12
TTGTGGTAGGAGGGAT-1,16
TTGTGGTGGTACTAAG-1,9
TTGTGTATGCCACCAA-1,4
TTGTTAGCAAATTCGA-1,12
TTGTTCAGTGTGCTAC-1,14
TTGTTGTGTGTCAAGA-1,14
TTGTTTCACATCCAGG-1,11
TTGTTTCATTAGTCTA-1,11
TTGTTTCCATACAACT-1,16
TTGTTTGTGTAAATTC-1,15
